sample_id,target
8033,aaaaaa
5480,aaaaaa
26594,aaaaaa
14894,aaaaaa
21181,aaaaaa
24041,aaaaaa
20046,aaaaaa
10486,aaaaaa
4657,aaaaaa
6414,aaaaaa
15386,aaaaaa
3150,aaaaaa
23748,aaaaaa
23124,aaaaaa
21197,aaaaaa
15861,aaaaaa
9265,aaaaaa
5969,aaaaaa
14998,aaaaaa
11891,aaaaaa
19323,aaaaaa
15454,aaaaaa
17724,aaaaaa
29200,aaaaaa
1391,aaaaaa
24094,aaaaaa
7437,aaaaaa
23560,aaaaaa
8802,aaaaaa
25606,aaaaaa
28801,aaaaaa
371,aaaaaa
6146,aaaaaa
24080,aaaaaa
9775,aaaaaa
17796,aaaaaa
22882,aaaaaa
18640,aaaaaa
25824,aaaaaa
22202,aaaaaa
22504,aaaaaa
2212,aaaaaa
5603,aaaaaa
8881,aaaaaa
22388,aaaaaa
5417,aaaaaa
4938,aaaaaa
13434,aaaaaa
20008,aaaaaa
3158,aaaaaa
20651,aaaaaa
9158,aaaaaa
463,aaaaaa
18138,aaaaaa
23523,aaaaaa
615,aaaaaa
6380,aaaaaa
20213,aaaaaa
16762,aaaaaa
11298,aaaaaa
12995,aaaaaa
8181,aaaaaa
17719,aaaaaa
13511,aaaaaa
16574,aaaaaa
2716,aaaaaa
24012,aaaaaa
24495,aaaaaa
27470,aaaaaa
20181,aaaaaa
24131,aaaaaa
10003,aaaaaa
13639,aaaaaa
29016,aaaaaa
7389,aaaaaa
18278,aaaaaa
21045,aaaaaa
14356,aaaaaa
26364,aaaaaa
7769,aaaaaa
6221,aaaaaa
23432,aaaaaa
25799,aaaaaa
21378,aaaaaa
27505,aaaaaa
7037,aaaaaa
15474,aaaaaa
11646,aaaaaa
15897,aaaaaa
10570,aaaaaa
15511,aaaaaa
22725,aaaaaa
26259,aaaaaa
22837,aaaaaa
25344,aaaaaa
6358,aaaaaa
25907,aaaaaa
20376,aaaaaa
6691,aaaaaa
26298,aaaaaa
15881,aaaaaa
1030,aaaaaa
9164,aaaaaa
18604,aaaaaa
9488,aaaaaa
1577,aaaaaa
15859,aaaaaa
9947,aaaaaa
3793,aaaaaa
27620,aaaaaa
22194,aaaaaa
20711,aaaaaa
28527,aaaaaa
17551,aaaaaa
27123,aaaaaa
22115,aaaaaa
2917,aaaaaa
5586,aaaaaa
14605,aaaaaa
6326,aaaaaa
25701,aaaaaa
1515,aaaaaa
20696,aaaaaa
2371,aaaaaa
3432,aaaaaa
18647,aaaaaa
20863,aaaaaa
4239,aaaaaa
19773,aaaaaa
1390,aaaaaa
893,aaaaaa
17874,aaaaaa
26884,aaaaaa
14037,aaaaaa
24073,aaaaaa
15187,aaaaaa
2933,aaaaaa
28007,aaaaaa
10937,aaaaaa
27526,aaaaaa
28770,aaaaaa
1129,aaaaaa
731,aaaaaa
11110,aaaaaa
3084,aaaaaa
7297,aaaaaa
4588,aaaaaa
12496,aaaaaa
2795,aaaaaa
7601,aaaaaa
798,aaaaaa
22616,aaaaaa
17118,aaaaaa
22943,aaaaaa
18628,aaaaaa
178,aaaaaa
11469,aaaaaa
17558,aaaaaa
13798,aaaaaa
9830,aaaaaa
17174,aaaaaa
26902,aaaaaa
198,aaaaaa
14643,aaaaaa
16932,aaaaaa
19723,aaaaaa
12940,aaaaaa
28118,aaaaaa
16268,aaaaaa
11772,aaaaaa
27471,aaaaaa
22834,aaaaaa
17524,aaaaaa
13277,aaaaaa
27246,aaaaaa
15103,aaaaaa
7533,aaaaaa
22703,aaaaaa
15855,aaaaaa
66,aaaaaa
4712,aaaaaa
21598,aaaaaa
11452,aaaaaa
15689,aaaaaa
26872,aaaaaa
5033,aaaaaa
6915,aaaaaa
2572,aaaaaa
24807,aaaaaa
20225,aaaaaa
17006,aaaaaa
27286,aaaaaa
6222,aaaaaa
787,aaaaaa
3332,aaaaaa
29441,aaaaaa
6008,aaaaaa
8334,aaaaaa
16655,aaaaaa
25163,aaaaaa
13448,aaaaaa
27609,aaaaaa
1191,aaaaaa
12478,aaaaaa
515,aaaaaa
16862,aaaaaa
4476,aaaaaa
21435,aaaaaa
10232,aaaaaa
23046,aaaaaa
17417,aaaaaa
23645,aaaaaa
14622,aaaaaa
18982,aaaaaa
17898,aaaaaa
6191,aaaaaa
14175,aaaaaa
7237,aaaaaa
5753,aaaaaa
2068,aaaaaa
27840,aaaaaa
8236,aaaaaa
16252,aaaaaa
15905,aaaaaa
21905,aaaaaa
1462,aaaaaa
15207,aaaaaa
18255,aaaaaa
4576,aaaaaa
9856,aaaaaa
24600,aaaaaa
7349,aaaaaa
21007,aaaaaa
4818,aaaaaa
23461,aaaaaa
220,aaaaaa
12632,aaaaaa
19937,aaaaaa
29890,aaaaaa
18860,aaaaaa
4248,aaaaaa
26248,aaaaaa
18432,aaaaaa
17442,aaaaaa
6487,aaaaaa
7036,aaaaaa
9456,aaaaaa
24518,aaaaaa
12433,aaaaaa
5650,aaaaaa
17632,aaaaaa
25501,aaaaaa
28769,aaaaaa
23659,aaaaaa
2881,aaaaaa
18061,aaaaaa
23133,aaaaaa
22444,aaaaaa
901,aaaaaa
18981,aaaaaa
7164,aaaaaa
18680,aaaaaa
11594,aaaaaa
2181,aaaaaa
8488,aaaaaa
9713,aaaaaa
18369,aaaaaa
8219,aaaaaa
28268,aaaaaa
26303,aaaaaa
6772,aaaaaa
28511,aaaaaa
14436,aaaaaa
14678,aaaaaa
11440,aaaaaa
24072,aaaaaa
16172,aaaaaa
26711,aaaaaa
7257,aaaaaa
2580,aaaaaa
7966,aaaaaa
26618,aaaaaa
2156,aaaaaa
4340,aaaaaa
9562,aaaaaa
29789,aaaaaa
24230,aaaaaa
13743,aaaaaa
1073,aaaaaa
21638,aaaaaa
17065,aaaaaa
4530,aaaaaa
3159,aaaaaa
25583,aaaaaa
2987,aaaaaa
21292,aaaaaa
1882,aaaaaa
21398,aaaaaa
18324,aaaaaa
19680,aaaaaa
19918,aaaaaa
5974,aaaaaa
3729,aaaaaa
490,aaaaaa
22092,aaaaaa
1181,aaaaaa
1375,aaaaaa
5014,aaaaaa
16234,aaaaaa
17010,aaaaaa
4758,aaaaaa
10304,aaaaaa
24928,aaaaaa
6040,aaaaaa
2841,aaaaaa
4180,aaaaaa
18645,aaaaaa
4086,aaaaaa
27223,aaaaaa
2887,aaaaaa
8876,aaaaaa
20923,aaaaaa
12271,aaaaaa
6671,aaaaaa
14997,aaaaaa
9211,aaaaaa
17750,aaaaaa
26778,aaaaaa
12581,aaaaaa
19023,aaaaaa
29195,aaaaaa
5602,aaaaaa
28533,aaaaaa
13921,aaaaaa
5730,aaaaaa
14745,aaaaaa
5296,aaaaaa
24943,aaaaaa
12979,aaaaaa
19322,aaaaaa
25981,aaaaaa
24803,aaaaaa
17696,aaaaaa
10171,aaaaaa
22363,aaaaaa
20918,aaaaaa
22603,aaaaaa
10065,aaaaaa
11538,aaaaaa
7669,aaaaaa
6869,aaaaaa
23700,aaaaaa
29953,aaaaaa
12992,aaaaaa
10472,aaaaaa
9943,aaaaaa
9643,aaaaaa
14892,aaaaaa
12661,aaaaaa
29583,aaaaaa
6681,aaaaaa
5428,aaaaaa
9190,aaaaaa
21650,aaaaaa
3786,aaaaaa
29713,aaaaaa
1784,aaaaaa
7116,aaaaaa
16878,aaaaaa
4683,aaaaaa
10046,aaaaaa
22940,aaaaaa
2038,aaaaaa
20425,aaaaaa
9281,aaaaaa
19281,aaaaaa
27323,aaaaaa
12435,aaaaaa
28168,aaaaaa
7876,aaaaaa
3340,aaaaaa
19037,aaaaaa
27214,aaaaaa
5911,aaaaaa
27405,aaaaaa
22944,aaaaaa
8514,aaaaaa
2031,aaaaaa
21473,aaaaaa
17197,aaaaaa
7235,aaaaaa
12755,aaaaaa
15327,aaaaaa
22664,aaaaaa
28798,aaaaaa
13983,aaaaaa
1079,aaaaaa
18610,aaaaaa
15451,aaaaaa
26524,aaaaaa
17726,aaaaaa
24846,aaaaaa
18203,aaaaaa
19645,aaaaaa
5649,aaaaaa
15300,aaaaaa
24629,aaaaaa
14506,aaaaaa
3862,aaaaaa
2936,aaaaaa
3917,aaaaaa
1689,aaaaaa
14347,aaaaaa
305,aaaaaa
4056,aaaaaa
19824,aaaaaa
19383,aaaaaa
23927,aaaaaa
9837,aaaaaa
17615,aaaaaa
9706,aaaaaa
2313,aaaaaa
26935,aaaaaa
22640,aaaaaa
23337,aaaaaa
24841,aaaaaa
29735,aaaaaa
20705,aaaaaa
9030,aaaaaa
2062,aaaaaa
6470,aaaaaa
17400,aaaaaa
6477,aaaaaa
20283,aaaaaa
19951,aaaaaa
5452,aaaaaa
11279,aaaaaa
27919,aaaaaa
9906,aaaaaa
29810,aaaaaa
4270,aaaaaa
8531,aaaaaa
27692,aaaaaa
20470,aaaaaa
9095,aaaaaa
27064,aaaaaa
23915,aaaaaa
16972,aaaaaa
3365,aaaaaa
19054,aaaaaa
5515,aaaaaa
11781,aaaaaa
29922,aaaaaa
15310,aaaaaa
2395,aaaaaa
23430,aaaaaa
5506,aaaaaa
18554,aaaaaa
924,aaaaaa
8134,aaaaaa
25044,aaaaaa
12070,aaaaaa
17737,aaaaaa
11706,aaaaaa
8671,aaaaaa
3124,aaaaaa
22057,aaaaaa
19158,aaaaaa
7620,aaaaaa
6559,aaaaaa
23665,aaaaaa
9145,aaaaaa
12720,aaaaaa
9846,aaaaaa
26118,aaaaaa
29043,aaaaaa
9627,aaaaaa
5798,aaaaaa
22366,aaaaaa
5882,aaaaaa
9782,aaaaaa
11348,aaaaaa
23568,aaaaaa
18565,aaaaaa
25936,aaaaaa
17857,aaaaaa
6103,aaaaaa
6748,aaaaaa
13009,aaaaaa
9082,aaaaaa
23439,aaaaaa
27282,aaaaaa
15966,aaaaaa
28672,aaaaaa
5540,aaaaaa
421,aaaaaa
16081,aaaaaa
18690,aaaaaa
16555,aaaaaa
3956,aaaaaa
5606,aaaaaa
28856,aaaaaa
26762,aaaaaa
11380,aaaaaa
1725,aaaaaa
1184,aaaaaa
9974,aaaaaa
16788,aaaaaa
25724,aaaaaa
904,aaaaaa
19878,aaaaaa
8346,aaaaaa
17245,aaaaaa
7797,aaaaaa
6089,aaaaaa
2080,aaaaaa
7928,aaaaaa
13853,aaaaaa
25964,aaaaaa
7933,aaaaaa
10846,aaaaaa
12177,aaaaaa
9316,aaaaaa
25306,aaaaaa
25803,aaaaaa
9927,aaaaaa
7211,aaaaaa
21061,aaaaaa
6533,aaaaaa
5209,aaaaaa
2646,aaaaaa
10073,aaaaaa
16825,aaaaaa
10622,aaaaaa
25673,aaaaaa
29967,aaaaaa
1478,aaaaaa
692,aaaaaa
28058,aaaaaa
6365,aaaaaa
26402,aaaaaa
18539,aaaaaa
21569,aaaaaa
7370,aaaaaa
1301,aaaaaa
7837,aaaaaa
14877,aaaaaa
3715,aaaaaa
25840,aaaaaa
5037,aaaaaa
4399,aaaaaa
20006,aaaaaa
13840,aaaaaa
20900,aaaaaa
11294,aaaaaa
7354,aaaaaa
16122,aaaaaa
8750,aaaaaa
26898,aaaaaa
1436,aaaaaa
507,aaaaaa
21659,aaaaaa
16017,aaaaaa
22047,aaaaaa
5402,aaaaaa
5930,aaaaaa
28592,aaaaaa
8947,aaaaaa
29664,aaaaaa
18723,aaaaaa
12242,aaaaaa
17303,aaaaaa
4386,aaaaaa
12744,aaaaaa
10310,aaaaaa
17667,aaaaaa
26095,aaaaaa
8693,aaaaaa
17027,aaaaaa
1539,aaaaaa
9121,aaaaaa
1211,aaaaaa
15284,aaaaaa
25768,aaaaaa
2560,aaaaaa
13107,aaaaaa
22490,aaaaaa
13029,aaaaaa
11569,aaaaaa
12668,aaaaaa
21999,aaaaaa
390,aaaaaa
17848,aaaaaa
17576,aaaaaa
10064,aaaaaa
3590,aaaaaa
22744,aaaaaa
11350,aaaaaa
8435,aaaaaa
6719,aaaaaa
15540,aaaaaa
16890,aaaaaa
14693,aaaaaa
946,aaaaaa
15576,aaaaaa
14327,aaaaaa
27839,aaaaaa
26367,aaaaaa
25605,aaaaaa
2547,aaaaaa
18157,aaaaaa
13007,aaaaaa
272,aaaaaa
20827,aaaaaa
3618,aaaaaa
18765,aaaaaa
25136,aaaaaa
7008,aaaaaa
23973,aaaaaa
9269,aaaaaa
28076,aaaaaa
4633,aaaaaa
17130,aaaaaa
7707,aaaaaa
19953,aaaaaa
8982,aaaaaa
24220,aaaaaa
14312,aaaaaa
10762,aaaaaa
13945,aaaaaa
14342,aaaaaa
22832,aaaaaa
5599,aaaaaa
9290,aaaaaa
15989,aaaaaa
10355,aaaaaa
3637,aaaaaa
20597,aaaaaa
25212,aaaaaa
18296,aaaaaa
27239,aaaaaa
599,aaaaaa
20276,aaaaaa
21924,aaaaaa
1652,aaaaaa
29889,aaaaaa
8106,aaaaaa
1893,aaaaaa
7833,aaaaaa
29055,aaaaaa
25107,aaaaaa
22886,aaaaaa
20746,aaaaaa
262,aaaaaa
375,aaaaaa
18350,aaaaaa
20341,aaaaaa
1466,aaaaaa
12615,aaaaaa
13543,aaaaaa
16226,aaaaaa
5696,aaaaaa
17627,aaaaaa
24425,aaaaaa
26951,aaaaaa
25002,aaaaaa
941,aaaaaa
24939,aaaaaa
9663,aaaaaa
19730,aaaaaa
19041,aaaaaa
15882,aaaaaa
13353,aaaaaa
10905,aaaaaa
18186,aaaaaa
22966,aaaaaa
28177,aaaaaa
21710,aaaaaa
26784,aaaaaa
6578,aaaaaa
19183,aaaaaa
20690,aaaaaa
25775,aaaaaa
29483,aaaaaa
27107,aaaaaa
298,aaaaaa
28155,aaaaaa
27119,aaaaaa
20207,aaaaaa
17241,aaaaaa
7977,aaaaaa
11463,aaaaaa
2035,aaaaaa
20423,aaaaaa
10450,aaaaaa
21546,aaaaaa
10164,aaaaaa
18542,aaaaaa
10291,aaaaaa
17883,aaaaaa
13397,aaaaaa
19896,aaaaaa
29882,aaaaaa
14220,aaaaaa
8844,aaaaaa
6828,aaaaaa
7130,aaaaaa
25761,aaaaaa
7954,aaaaaa
20469,aaaaaa
16626,aaaaaa
26983,aaaaaa
13990,aaaaaa
3144,aaaaaa
18028,aaaaaa
14547,aaaaaa
7371,aaaaaa
29475,aaaaaa
5594,aaaaaa
28908,aaaaaa
14466,aaaaaa
26008,aaaaaa
24844,aaaaaa
21615,aaaaaa
2076,aaaaaa
4103,aaaaaa
7493,aaaaaa
5968,aaaaaa
15470,aaaaaa
20350,aaaaaa
26871,aaaaaa
29682,aaaaaa
17965,aaaaaa
6754,aaaaaa
2575,aaaaaa
14389,aaaaaa
16284,aaaaaa
4042,aaaaaa
17751,aaaaaa
12853,aaaaaa
4078,aaaaaa
14246,aaaaaa
7754,aaaaaa
14166,aaaaaa
9462,aaaaaa
15960,aaaaaa
19162,aaaaaa
4603,aaaaaa
21316,aaaaaa
14252,aaaaaa
1985,aaaaaa
20245,aaaaaa
7774,aaaaaa
9726,aaaaaa
16709,aaaaaa
16156,aaaaaa
15560,aaaaaa
10530,aaaaaa
22778,aaaaaa
12172,aaaaaa
26003,aaaaaa
4054,aaaaaa
18621,aaaaaa
28980,aaaaaa
5229,aaaaaa
12370,aaaaaa
20955,aaaaaa
13666,aaaaaa
7454,aaaaaa
1268,aaaaaa
864,aaaaaa
27010,aaaaaa
4942,aaaaaa
2253,aaaaaa
22394,aaaaaa
24270,aaaaaa
16755,aaaaaa
25414,aaaaaa
10348,aaaaaa
7940,aaaaaa
609,aaaaaa
4651,aaaaaa
27451,aaaaaa
26532,aaaaaa
15886,aaaaaa
5919,aaaaaa
26234,aaaaaa
14022,aaaaaa
18748,aaaaaa
7148,aaaaaa
13648,aaaaaa
10635,aaaaaa
28470,aaaaaa
20173,aaaaaa
25662,aaaaaa
5581,aaaaaa
23541,aaaaaa
26949,aaaaaa
5060,aaaaaa
28841,aaaaaa
9615,aaaaaa
29710,aaaaaa
8044,aaaaaa
17046,aaaaaa
8386,aaaaaa
14629,aaaaaa
24728,aaaaaa
9311,aaaaaa
2776,aaaaaa
20919,aaaaaa
13667,aaaaaa
24674,aaaaaa
24021,aaaaaa
29921,aaaaaa
7189,aaaaaa
13731,aaaaaa
20515,aaaaaa
5573,aaaaaa
6135,aaaaaa
20811,aaaaaa
10553,aaaaaa
5247,aaaaaa
21153,aaaaaa
3981,aaaaaa
11085,aaaaaa
19053,aaaaaa
20361,aaaaaa
16663,aaaaaa
13158,aaaaaa
2172,aaaaaa
27866,aaaaaa
8718,aaaaaa
7452,aaaaaa
15553,aaaaaa
5197,aaaaaa
17793,aaaaaa
13210,aaaaaa
11671,aaaaaa
27225,aaaaaa
15995,aaaaaa
28730,aaaaaa
21057,aaaaaa
20539,aaaaaa
28782,aaaaaa
21267,aaaaaa
22191,aaaaaa
3809,aaaaaa
24422,aaaaaa
10079,aaaaaa
12488,aaaaaa
18265,aaaaaa
21067,aaaaaa
5543,aaaaaa
22539,aaaaaa
15681,aaaaaa
11864,aaaaaa
21977,aaaaaa
15519,aaaaaa
10401,aaaaaa
25502,aaaaaa
23281,aaaaaa
20947,aaaaaa
24223,aaaaaa
23789,aaaaaa
17653,aaaaaa
18734,aaaaaa
8745,aaaaaa
1384,aaaaaa
23719,aaaaaa
9036,aaaaaa
22240,aaaaaa
13095,aaaaaa
297,aaaaaa
8635,aaaaaa
28158,aaaaaa
28248,aaaaaa
3867,aaaaaa
24909,aaaaaa
2077,aaaaaa
15029,aaaaaa
15675,aaaaaa
14209,aaaaaa
29517,aaaaaa
18613,aaaaaa
15216,aaaaaa
19226,aaaaaa
2537,aaaaaa
16578,aaaaaa
16395,aaaaaa
7362,aaaaaa
6636,aaaaaa
7498,aaaaaa
13482,aaaaaa
9009,aaaaaa
28523,aaaaaa
20426,aaaaaa
6553,aaaaaa
10770,aaaaaa
16131,aaaaaa
21889,aaaaaa
23238,aaaaaa
23145,aaaaaa
21684,aaaaaa
4654,aaaaaa
320,aaaaaa
7135,aaaaaa
17755,aaaaaa
11984,aaaaaa
2654,aaaaaa
12142,aaaaaa
13721,aaaaaa
19782,aaaaaa
886,aaaaaa
5002,aaaaaa
25214,aaaaaa
27503,aaaaaa
17310,aaaaaa
244,aaaaaa
14758,aaaaaa
8207,aaaaaa
16527,aaaaaa
5983,aaaaaa
2363,aaaaaa
22721,aaaaaa
16513,aaaaaa
1161,aaaaaa
18291,aaaaaa
29693,aaaaaa
22337,aaaaaa
287,aaaaaa
13650,aaaaaa
23721,aaaaaa
21692,aaaaaa
10068,aaaaaa
10680,aaaaaa
12450,aaaaaa
25258,aaaaaa
8681,aaaaaa
1170,aaaaaa
27988,aaaaaa
10374,aaaaaa
28762,aaaaaa
23487,aaaaaa
6792,aaaaaa
27044,aaaaaa
27328,aaaaaa
18243,aaaaaa
277,aaaaaa
24393,aaaaaa
15946,aaaaaa
23165,aaaaaa
24742,aaaaaa
3121,aaaaaa
8579,aaaaaa
17695,aaaaaa
17416,aaaaaa
8339,aaaaaa
3406,aaaaaa
22766,aaaaaa
15475,aaaaaa
13861,aaaaaa
26649,aaaaaa
13128,aaaaaa
931,aaaaaa
691,aaaaaa
24534,aaaaaa
6364,aaaaaa
18293,aaaaaa
9021,aaaaaa
10273,aaaaaa
20950,aaaaaa
29346,aaaaaa
16428,aaaaaa
20323,aaaaaa
9141,aaaaaa
7108,aaaaaa
8975,aaaaaa
4319,aaaaaa
2965,aaaaaa
3969,aaaaaa
4926,aaaaaa
25807,aaaaaa
14616,aaaaaa
13971,aaaaaa
22692,aaaaaa
20543,aaaaaa
3092,aaaaaa
21097,aaaaaa
12748,aaaaaa
21939,aaaaaa
23519,aaaaaa
15790,aaaaaa
12515,aaaaaa
3982,aaaaaa
24420,aaaaaa
23324,aaaaaa
1404,aaaaaa
19579,aaaaaa
6124,aaaaaa
1094,aaaaaa
17353,aaaaaa
22285,aaaaaa
22927,aaaaaa
15972,aaaaaa
2843,aaaaaa
19235,aaaaaa
4815,aaaaaa
16473,aaaaaa
5956,aaaaaa
26836,aaaaaa
20855,aaaaaa
24213,aaaaaa
13374,aaaaaa
26907,aaaaaa
18173,aaaaaa
27302,aaaaaa
18443,aaaaaa
13179,aaaaaa
23697,aaaaaa
12205,aaaaaa
18286,aaaaaa
14407,aaaaaa
4686,aaaaaa
18714,aaaaaa
4922,aaaaaa
15833,aaaaaa
6785,aaaaaa
5877,aaaaaa
9548,aaaaaa
16459,aaaaaa
2345,aaaaaa
22831,aaaaaa
8430,aaaaaa
4586,aaaaaa
26317,aaaaaa
14597,aaaaaa
29440,aaaaaa
28147,aaaaaa
8378,aaaaaa
27104,aaaaaa
17937,aaaaaa
22258,aaaaaa
27369,aaaaaa
6197,aaaaaa
13097,aaaaaa
14456,aaaaaa
15179,aaaaaa
6401,aaaaaa
5695,aaaaaa
2941,aaaaaa
24477,aaaaaa
29004,aaaaaa
7381,aaaaaa
26953,aaaaaa
18004,aaaaaa
13834,aaaaaa
5578,aaaaaa
10338,aaaaaa
9993,aaaaaa
7905,aaaaaa
25198,aaaaaa
24328,aaaaaa
1048,aaaaaa
6782,aaaaaa
12662,aaaaaa
28131,aaaaaa
24553,aaaaaa
1609,aaaaaa
19480,aaaaaa
2415,aaaaaa
2017,aaaaaa
2971,aaaaaa
12317,aaaaaa
14038,aaaaaa
13567,aaaaaa
2931,aaaaaa
15406,aaaaaa
27401,aaaaaa
19630,aaaaaa
16508,aaaaaa
17490,aaaaaa
13001,aaaaaa
1814,aaaaaa
14586,aaaaaa
14448,aaaaaa
28724,aaaaaa
11533,aaaaaa
2123,aaaaaa
13704,aaaaaa
22018,aaaaaa
25561,aaaaaa
29502,aaaaaa
29256,aaaaaa
18581,aaaaaa
20435,aaaaaa
17600,aaaaaa
7701,aaaaaa
26270,aaaaaa
17109,aaaaaa
23818,aaaaaa
9170,aaaaaa
808,aaaaaa
24103,aaaaaa
21438,aaaaaa
23922,aaaaaa
25043,aaaaaa
4906,aaaaaa
3722,aaaaaa
28532,aaaaaa
13122,aaaaaa
12734,aaaaaa
3962,aaaaaa
26434,aaaaaa
2671,aaaaaa
23916,aaaaaa
9417,aaaaaa
18148,aaaaaa
4552,aaaaaa
16991,aaaaaa
6009,aaaaaa
17831,aaaaaa
19601,aaaaaa
5737,aaaaaa
8479,aaaaaa
18437,aaaaaa
3164,aaaaaa
25131,aaaaaa
6763,aaaaaa
28303,aaaaaa
1657,aaaaaa
28763,aaaaaa
19094,aaaaaa
28729,aaaaaa
7549,aaaaaa
4266,aaaaaa
27985,aaaaaa
23099,aaaaaa
16806,aaaaaa
29405,aaaaaa
5316,aaaaaa
9673,aaaaaa
19229,aaaaaa
20450,aaaaaa
28171,aaaaaa
21628,aaaaaa
1001,aaaaaa
4198,aaaaaa
2418,aaaaaa
3575,aaaaaa
23110,aaaaaa
20231,aaaaaa
17345,aaaaaa
9772,aaaaaa
3558,aaaaaa
24095,aaaaaa
12458,aaaaaa
3854,aaaaaa
4887,aaaaaa
17141,aaaaaa
13058,aaaaaa
27406,aaaaaa
5313,aaaaaa
18668,aaaaaa
16223,aaaaaa
27371,aaaaaa
4524,aaaaaa
13699,aaaaaa
4827,aaaaaa
24096,aaaaaa
807,aaaaaa
3907,aaaaaa
14333,aaaaaa
24212,aaaaaa
7023,aaaaaa
1956,aaaaaa
10637,aaaaaa
9343,aaaaaa
15161,aaaaaa
11404,aaaaaa
27106,aaaaaa
2402,aaaaaa
5184,aaaaaa
17457,aaaaaa
14698,aaaaaa
22908,aaaaaa
28688,aaaaaa
27686,aaaaaa
10283,aaaaaa
12719,aaaaaa
22649,aaaaaa
8095,aaaaaa
9890,aaaaaa
25925,aaaaaa
18323,aaaaaa
25970,aaaaaa
17387,aaaaaa
15086,aaaaaa
21054,aaaaaa
25696,aaaaaa
7566,aaaaaa
11126,aaaaaa
14719,aaaaaa
28842,aaaaaa
5368,aaaaaa
6928,aaaaaa
9603,aaaaaa
22673,aaaaaa
29047,aaaaaa
8901,aaaaaa
23933,aaaaaa
11795,aaaaaa
17369,aaaaaa
11268,aaaaaa
22553,aaaaaa
26278,aaaaaa
7384,aaaaaa
25039,aaaaaa
26312,aaaaaa
24169,aaaaaa
29048,aaaaaa
9460,aaaaaa
2462,aaaaaa
27639,aaaaaa
16652,aaaaaa
19964,aaaaaa
12942,aaaaaa
11708,aaaaaa
16455,aaaaaa
9454,aaaaaa
27063,aaaaaa
6509,aaaaaa
19205,aaaaaa
28432,aaaaaa
589,aaaaaa
25085,aaaaaa
13136,aaaaaa
16549,aaaaaa
8848,aaaaaa
4624,aaaaaa
25722,aaaaaa
20142,aaaaaa
6845,aaaaaa
14343,aaaaaa
18412,aaaaaa
10850,aaaaaa
8869,aaaaaa
24877,aaaaaa
9424,aaaaaa
5454,aaaaaa
24388,aaaaaa
1449,aaaaaa
26692,aaaaaa
15849,aaaaaa
11454,aaaaaa
24562,aaaaaa
18816,aaaaaa
25633,aaaaaa
21031,aaaaaa
21942,aaaaaa
17280,aaaaaa
9803,aaaaaa
27228,aaaaaa
1587,aaaaaa
6686,aaaaaa
13558,aaaaaa
18103,aaaaaa
22484,aaaaaa
20190,aaaaaa
8806,aaaaaa
26316,aaaaaa
3961,aaaaaa
8923,aaaaaa
23420,aaaaaa
6078,aaaaaa
17274,aaaaaa
10956,aaaaaa
28490,aaaaaa
4006,aaaaaa
4939,aaaaaa
26739,aaaaaa
18395,aaaaaa
5898,aaaaaa
14365,aaaaaa
26055,aaaaaa
14011,aaaaaa
16968,aaaaaa
11460,aaaaaa
20316,aaaaaa
13157,aaaaaa
1260,aaaaaa
20922,aaaaaa
14391,aaaaaa
310,aaaaaa
1716,aaaaaa
22393,aaaaaa
2052,aaaaaa
20671,aaaaaa
4668,aaaaaa
4298,aaaaaa
23030,aaaaaa
3783,aaaaaa
1008,aaaaaa
7347,aaaaaa
20824,aaaaaa
10377,aaaaaa
29051,aaaaaa
26148,aaaaaa
9878,aaaaaa
13159,aaaaaa
2773,aaaaaa
13026,aaaaaa
20443,aaaaaa
12948,aaaaaa
16474,aaaaaa
1987,aaaaaa
25533,aaaaaa
7279,aaaaaa
2672,aaaaaa
16260,aaaaaa
9175,aaaaaa
29231,aaaaaa
17358,aaaaaa
27847,aaaaaa
19309,aaaaaa
249,aaaaaa
8185,aaaaaa
5884,aaaaaa
18725,aaaaaa
26436,aaaaaa
29335,aaaaaa
6589,aaaaaa
13780,aaaaaa
23907,aaaaaa
627,aaaaaa
24590,aaaaaa
13272,aaaaaa
26418,aaaaaa
4765,aaaaaa
29408,aaaaaa
27576,aaaaaa
16512,aaaaaa
27677,aaaaaa
25017,aaaaaa
20566,aaaaaa
23683,aaaaaa
13782,aaaaaa
12427,aaaaaa
6995,aaaaaa
25361,aaaaaa
18782,aaaaaa
6305,aaaaaa
27818,aaaaaa
24584,aaaaaa
25413,aaaaaa
12392,aaaaaa
17570,aaaaaa
25145,aaaaaa
15472,aaaaaa
10703,aaaaaa
29575,aaaaaa
21698,aaaaaa
9220,aaaaaa
4247,aaaaaa
29328,aaaaaa
11273,aaaaaa
9107,aaaaaa
9497,aaaaaa
17480,aaaaaa
11241,aaaaaa
23037,aaaaaa
1273,aaaaaa
5698,aaaaaa
7678,aaaaaa
10988,aaaaaa
23181,aaaaaa
9590,aaaaaa
22999,aaaaaa
3358,aaaaaa
16567,aaaaaa
24085,aaaaaa
25286,aaaaaa
26101,aaaaaa
15235,aaaaaa
6513,aaaaaa
16079,aaaaaa
4567,aaaaaa
13255,aaaaaa
22987,aaaaaa
10848,aaaaaa
19247,aaaaaa
25986,aaaaaa
1961,aaaaaa
4992,aaaaaa
4891,aaaaaa
14330,aaaaaa
22253,aaaaaa
29219,aaaaaa
6226,aaaaaa
26468,aaaaaa
25263,aaaaaa
1251,aaaaaa
3176,aaaaaa
3359,aaaaaa
307,aaaaaa
26426,aaaaaa
27850,aaaaaa
28466,aaaaaa
27979,aaaaaa
23795,aaaaaa
12580,aaaaaa
28339,aaaaaa
26120,aaaaaa
12225,aaaaaa
1051,aaaaaa
14519,aaaaaa
11410,aaaaaa
9221,aaaaaa
10234,aaaaaa
4763,aaaaaa
9062,aaaaaa
1874,aaaaaa
24373,aaaaaa
23666,aaaaaa
26214,aaaaaa
13682,aaaaaa
20706,aaaaaa
28877,aaaaaa
5831,aaaaaa
27043,aaaaaa
191,aaaaaa
12901,aaaaaa
13233,aaaaaa
12629,aaaaaa
4485,aaaaaa
9783,aaaaaa
3924,aaaaaa
9940,aaaaaa
29211,aaaaaa
24569,aaaaaa
23951,aaaaaa
25810,aaaaaa
15198,aaaaaa
16061,aaaaaa
19497,aaaaaa
3303,aaaaaa
15549,aaaaaa
18074,aaaaaa
21432,aaaaaa
13304,aaaaaa
24632,aaaaaa
19692,aaaaaa
17888,aaaaaa
1806,aaaaaa
3871,aaaaaa
3791,aaaaaa
29342,aaaaaa
14154,aaaaaa
2786,aaaaaa
9259,aaaaaa
25040,aaaaaa
1717,aaaaaa
2696,aaaaaa
1848,aaaaaa
20896,aaaaaa
23453,aaaaaa
10623,aaaaaa
24284,aaaaaa
12852,aaaaaa
6622,aaaaaa
3435,aaaaaa
24902,aaaaaa
16526,aaaaaa
6771,aaaaaa
29296,aaaaaa
6992,aaaaaa
24287,aaaaaa
24651,aaaaaa
27217,aaaaaa
25616,aaaaaa
11601,aaaaaa
1117,aaaaaa
1756,aaaaaa
16881,aaaaaa
6751,aaaaaa
870,aaaaaa
19741,aaaaaa
9104,aaaaaa
721,aaaaaa
10997,aaaaaa
17270,aaaaaa
19727,aaaaaa
25720,aaaaaa
27354,aaaaaa
8347,aaaaaa
15588,aaaaaa
27994,aaaaaa
10938,aaaaaa
24792,aaaaaa
24890,aaaaaa
314,aaaaaa
28388,aaaaaa
24763,aaaaaa
25957,aaaaaa
20588,aaaaaa
5850,aaaaaa
6129,aaaaaa
5447,aaaaaa
3129,aaaaaa
16279,aaaaaa
15632,aaaaaa
18380,aaaaaa
910,aaaaaa
3968,aaaaaa
27852,aaaaaa
26708,aaaaaa
10165,aaaaaa
336,aaaaaa
26709,aaaaaa
29944,aaaaaa
24986,aaaaaa
2985,aaaaaa
10878,aaaaaa
15916,aaaaaa
21004,aaaaaa
22915,aaaaaa
11669,aaaaaa
20862,aaaaaa
19942,aaaaaa
13907,aaaaaa
11001,aaaaaa
4820,aaaaaa
19800,aaaaaa
16691,aaaaaa
12100,aaaaaa
21758,aaaaaa
16732,aaaaaa
22302,aaaaaa
28141,aaaaaa
7243,aaaaaa
29734,aaaaaa
14079,aaaaaa
20866,aaaaaa
11874,aaaaaa
14520,aaaaaa
8263,aaaaaa
18678,aaaaaa
6855,aaaaaa
8597,aaaaaa
25397,aaaaaa
27100,aaaaaa
6901,aaaaaa
18050,aaaaaa
23963,aaaaaa
21954,aaaaaa
9949,aaaaaa
16436,aaaaaa
22647,aaaaaa
1445,aaaaaa
24303,aaaaaa
14821,aaaaaa
24740,aaaaaa
1695,aaaaaa
11084,aaaaaa
16152,aaaaaa
13383,aaaaaa
17958,aaaaaa
22523,aaaaaa
20789,aaaaaa
1630,aaaaaa
269,aaaaaa
1881,aaaaaa
14523,aaaaaa
13900,aaaaaa
5074,aaaaaa
5509,aaaaaa
28202,aaaaaa
27433,aaaaaa
25302,aaaaaa
2535,aaaaaa
11069,aaaaaa
27949,aaaaaa
14680,aaaaaa
186,aaaaaa
11971,aaaaaa
5558,aaaaaa
29376,aaaaaa
23569,aaaaaa
28863,aaaaaa
26328,aaaaaa
6587,aaaaaa
17618,aaaaaa
25097,aaaaaa
29926,aaaaaa
3915,aaaaaa
446,aaaaaa
28221,aaaaaa
14031,aaaaaa
17228,aaaaaa
21585,aaaaaa
7124,aaaaaa
20519,aaaaaa
2440,aaaaaa
3103,aaaaaa
11088,aaaaaa
7692,aaaaaa
21158,aaaaaa
23358,aaaaaa
6094,aaaaaa
9486,aaaaaa
18537,aaaaaa
21902,aaaaaa
26885,aaaaaa
13223,aaaaaa
21451,aaaaaa
16913,aaaaaa
687,aaaaaa
5208,aaaaaa
17160,aaaaaa
8417,aaaaaa
28936,aaaaaa
22708,aaaaaa
10345,aaaaaa
4920,aaaaaa
28003,aaaaaa
29240,aaaaaa
25216,aaaaaa
19520,aaaaaa
19600,aaaaaa
5462,aaaaaa
13757,aaaaaa
26559,aaaaaa
19567,aaaaaa
29313,aaaaaa
23906,aaaaaa
26774,aaaaaa
19583,aaaaaa
26132,aaaaaa
1289,aaaaaa
12773,aaaaaa
27868,aaaaaa
10692,aaaaaa
23741,aaaaaa
10335,aaaaaa
29318,aaaaaa
25906,aaaaaa
28565,aaaaaa
23926,aaaaaa
11905,aaaaaa
29397,aaaaaa
15830,aaaaaa
15735,aaaaaa
12158,aaaaaa
18263,aaaaaa
18814,aaaaaa
12453,aaaaaa
6079,aaaaaa
5457,aaaaaa
25301,aaaaaa
11349,aaaaaa
12057,aaaaaa
18532,aaaaaa
4131,aaaaaa
16351,aaaaaa
17420,aaaaaa
23971,aaaaaa
15408,aaaaaa
24626,aaaaaa
4134,aaaaaa
17033,aaaaaa
9275,aaaaaa
23095,aaaaaa
861,aaaaaa
13404,aaaaaa
16575,aaaaaa
22410,aaaaaa
1942,aaaaaa
10295,aaaaaa
4331,aaaaaa
28250,aaaaaa
14119,aaaaaa
3970,aaaaaa
25979,aaaaaa
25862,aaaaaa
26811,aaaaaa
12851,aaaaaa
13193,aaaaaa
2775,aaaaaa
4145,aaaaaa
27300,aaaaaa
19001,aaaaaa
2411,aaaaaa
17478,aaaaaa
22449,aaaaaa
15457,aaaaaa
1546,aaaaaa
20973,aaaaaa
22418,aaaaaa
6953,aaaaaa
3135,aaaaaa
20240,aaaaaa
13232,aaaaaa
15627,aaaaaa
28822,aaaaaa
14715,aaaaaa
22803,aaaaaa
3805,aaaaaa
28027,aaaaaa
24405,aaaaaa
23815,aaaaaa
15160,aaaaaa
6774,aaaaaa
19678,aaaaaa
14062,aaaaaa
16848,aaaaaa
17641,aaaaaa
10020,aaaaaa
18643,aaaaaa
22014,aaaaaa
3327,aaaaaa
22615,aaaaaa
7382,aaaaaa
29834,aaaaaa
1262,aaaaaa
23596,aaaaaa
17359,aaaaaa
25402,aaaaaa
22250,aaaaaa
13117,aaaaaa
13455,aaaaaa
6582,aaaaaa
18771,aaaaaa
21119,aaaaaa
5021,aaaaaa
23513,aaaaaa
12583,aaaaaa
27436,aaaaaa
14995,aaaaaa
11413,aaaaaa
20266,aaaaaa
22439,aaaaaa
9802,aaaaaa
25334,aaaaaa
20259,aaaaaa
19173,aaaaaa
18241,aaaaaa
19404,aaaaaa
4108,aaaaaa
5213,aaaaaa
3255,aaaaaa
7323,aaaaaa
2690,aaaaaa
14501,aaaaaa
23773,aaaaaa
4627,aaaaaa
25926,aaaaaa
1319,aaaaaa
26096,aaaaaa
16590,aaaaaa
5162,aaaaaa
7226,aaaaaa
24957,aaaaaa
12192,aaaaaa
17519,aaaaaa
4529,aaaaaa
11667,aaaaaa
19889,aaaaaa
21133,aaaaaa
12380,aaaaaa
23470,aaaaaa
9941,aaaaaa
24446,aaaaaa
18062,aaaaaa
6336,aaaaaa
25664,aaaaaa
6982,aaaaaa
10066,aaaaaa
917,aaaaaa
18889,aaaaaa
13288,aaaaaa
19288,aaaaaa
570,aaaaaa
17832,aaaaaa
3414,aaaaaa
26956,aaaaaa
14806,aaaaaa
7031,aaaaaa
6837,aaaaaa
13878,aaaaaa
19610,aaaaaa
19345,aaaaaa
20767,aaaaaa
14026,aaaaaa
14232,aaaaaa
24229,aaaaaa
19923,aaaaaa
2217,aaaaaa
28419,aaaaaa
28483,aaaaaa
2827,aaaaaa
22164,aaaaaa
25869,aaaaaa
4996,aaaaaa
17722,aaaaaa
3262,aaaaaa
24260,aaaaaa
25503,aaaaaa
6838,aaaaaa
27882,aaaaaa
5741,aaaaaa
650,aaaaaa
22423,aaaaaa
11094,aaaaaa
18642,aaaaaa
15407,aaaaaa
5395,aaaaaa
24216,aaaaaa
7082,aaaaaa
26479,aaaaaa
3521,aaaaaa
10922,aaaaaa
28041,aaaaaa
4478,aaaaaa
5660,aaaaaa
9788,aaaaaa
67,aaaaaa
10776,aaaaaa
21188,aaaaaa
13519,aaaaaa
24476,aaaaaa
23993,aaaaaa
17642,aaaaaa
3839,aaaaaa
27710,aaaaaa
15715,aaaaaa
17375,aaaaaa
19888,aaaaaa
8305,aaaaaa
919,aaaaaa
10701,aaaaaa
165,aaaaaa
26707,aaaaaa
24350,aaaaaa
6644,aaaaaa
14334,aaaaaa
16285,aaaaaa
14282,aaaaaa
4594,aaaaaa
19348,aaaaaa
10698,aaaaaa
13299,aaaaaa
2850,aaaaaa
19212,aaaaaa
22780,aaaaaa
12638,aaaaaa
29861,aaaaaa
27057,aaaaaa
4460,aaaaaa
29784,aaaaaa
14908,aaaaaa
6623,aaaaaa
9306,aaaaaa
27604,aaaaaa
8490,aaaaaa
9867,aaaaaa
2735,aaaaaa
5669,aaaaaa
12031,aaaaaa
21372,aaaaaa
28475,aaaaaa
2378,aaaaaa
15623,aaaaaa
22417,aaaaaa
4172,aaaaaa
12391,aaaaaa
12742,aaaaaa
16103,aaaaaa
27269,aaaaaa
14010,aaaaaa
365,aaaaaa
2103,aaaaaa
20143,aaaaaa
689,aaaaaa
18221,aaaaaa
26906,aaaaaa
19259,aaaaaa
9732,aaaaaa
5710,aaaaaa
16034,aaaaaa
20884,aaaaaa
15228,aaaaaa
1093,aaaaaa
18965,aaaaaa
6718,aaaaaa
29759,aaaaaa
15899,aaaaaa
16544,aaaaaa
203,aaaaaa
22867,aaaaaa
20324,aaaaaa
26801,aaaaaa
28391,aaaaaa
4933,aaaaaa
10006,aaaaaa
24031,aaaaaa
29941,aaaaaa
1230,aaaaaa
15796,aaaaaa
19430,aaaaaa
7957,aaaaaa
19299,aaaaaa
29771,aaaaaa
26764,aaaaaa
25525,aaaaaa
4251,aaaaaa
22495,aaaaaa
15020,aaaaaa
13440,aaaaaa
22588,aaaaaa
12226,aaaaaa
19109,aaaaaa
20674,aaaaaa
4334,aaaaaa
10744,aaaaaa
29258,aaaaaa
16767,aaaaaa
13680,aaaaaa
7485,aaaaaa
12945,aaaaaa
4886,aaaaaa
857,aaaaaa
16754,aaaaaa
6539,aaaaaa
18945,aaaaaa
20185,aaaaaa
21839,aaaaaa
24715,aaaaaa
12682,aaaaaa
10539,aaaaaa
8841,aaaaaa
6859,aaaaaa
10973,aaaaaa
24772,aaaaaa
10625,aaaaaa
954,aaaaaa
7404,aaaaaa
5944,aaaaaa
16999,aaaaaa
18959,aaaaaa
53,aaaaaa
6410,aaaaaa
19724,aaaaaa
3516,aaaaaa
19275,aaaaaa
23465,aaaaaa
20029,aaaaaa
22260,aaaaaa
11748,aaaaaa
489,aaaaaa
13145,aaaaaa
15935,aaaaaa
18196,aaaaaa
27039,aaaaaa
17374,aaaaaa
29476,aaaaaa
25534,aaaaaa
11705,aaaaaa
2972,aaaaaa
27681,aaaaaa
2942,aaaaaa
3163,aaaaaa
21062,aaaaaa
2618,aaaaaa
19996,aaaaaa
8235,aaaaaa
24255,aaaaaa
21714,aaaaaa
11618,aaaaaa
20176,aaaaaa
11763,aaaaaa
11577,aaaaaa
2854,aaaaaa
3439,aaaaaa
1892,aaaaaa
29466,aaaaaa
28990,aaaaaa
21639,aaaaaa
15768,aaaaaa
21551,aaaaaa
13006,aaaaaa
11767,aaaaaa
22844,aaaaaa
17889,aaaaaa
23675,aaaaaa
670,aaaaaa
29141,aaaaaa
15240,aaaaaa
14896,aaaaaa
9471,aaaaaa
26159,aaaaaa
897,aaaaaa
3306,aaaaaa
8026,aaaaaa
22623,aaaaaa
10858,aaaaaa
2890,aaaaaa
22387,aaaaaa
24123,aaaaaa
26219,aaaaaa
14394,aaaaaa
26855,aaaaaa
25554,aaaaaa
8397,aaaaaa
14005,aaaaaa
16386,aaaaaa
14162,aaaaaa
11996,aaaaaa
634,aaaaaa
12508,aaaaaa
22463,aaaaaa
16915,aaaaaa
27879,aaaaaa
27928,aaaaaa
6476,aaaaaa
15169,aaaaaa
4177,aaaaaa
27637,aaaaaa
29561,aaaaaa
11064,aaaaaa
19790,aaaaaa
10531,aaaaaa
5991,aaaaaa
22712,aaaaaa
25487,aaaaaa
18949,aaaaaa
2581,aaaaaa
27414,aaaaaa
11999,aaaaaa
8385,aaaaaa
18991,aaaaaa
10674,aaaaaa
23185,aaaaaa
9447,aaaaaa
2104,aaaaaa
28945,aaaaaa
25825,aaaaaa
3764,aaaaaa
4234,aaaaaa
4994,aaaaaa
25971,aaaaaa
5057,aaaaaa
17042,aaaaaa
4434,aaaaaa
11676,aaaaaa
717,aaaaaa
3816,aaaaaa
6773,aaaaaa
11186,aaaaaa
10738,aaaaaa
14671,aaaaaa
9813,aaaaaa
29139,aaaaaa
23644,aaaaaa
20288,aaaaaa
28322,aaaaaa
9288,aaaaaa
6811,aaaaaa
3893,aaaaaa
9359,aaaaaa
15129,aaaaaa
10655,aaaaaa
3700,aaaaaa
7374,aaaaaa
18172,aaaaaa
6314,aaaaaa
12816,aaaaaa
3645,aaaaaa
18160,aaaaaa
192,aaaaaa
13414,aaaaaa
816,aaaaaa
28839,aaaaaa
15810,aaaaaa
21772,aaaaaa
6160,aaaaaa
15641,aaaaaa
21335,aaaaaa
19071,aaaaaa
4390,aaaaaa
11164,aaaaaa
4927,aaaaaa
5552,aaaaaa
10799,aaaaaa
26534,aaaaaa
238,aaaaaa
12207,aaaaaa
28898,aaaaaa
11169,aaaaaa
25120,aaaaaa
23285,aaaaaa
4236,aaaaaa
5618,aaaaaa
25531,aaaaaa
8640,aaaaaa
5097,aaaaaa
22702,aaaaaa
14665,aaaaaa
2242,aaaaaa
24927,aaaaaa
3552,aaaaaa
19389,aaaaaa
19744,aaaaaa
28423,aaaaaa
8328,aaaaaa
5628,aaaaaa
10602,aaaaaa
24135,aaaaaa
22167,aaaaaa
4507,aaaaaa
27597,aaaaaa
12174,aaaaaa
14453,aaaaaa
16530,aaaaaa
15093,aaaaaa
27455,aaaaaa
2294,aaaaaa
23562,aaaaaa
11803,aaaaaa
29758,aaaaaa
27582,aaaaaa
14318,aaaaaa
25452,aaaaaa
21113,aaaaaa
28108,aaaaaa
8690,aaaaaa
7081,aaaaaa
4733,aaaaaa
8912,aaaaaa
20768,aaaaaa
13045,aaaaaa
24845,aaaaaa
28740,aaaaaa
11281,aaaaaa
14955,aaaaaa
28743,aaaaaa
20929,aaaaaa
16980,aaaaaa
28624,aaaaaa
11510,aaaaaa
5520,aaaaaa
21548,aaaaaa
28703,aaaaaa
18031,aaaaaa
11821,aaaaaa
23199,aaaaaa
2700,aaaaaa
1700,aaaaaa
13596,aaaaaa
19157,aaaaaa
6968,aaaaaa
27886,aaaaaa
16322,aaaaaa
24527,aaaaaa
6219,aaaaaa
25419,aaaaaa
86,aaaaaa
27173,aaaaaa
27144,aaaaaa
23590,aaaaaa
18978,aaaaaa
15346,aaaaaa
17413,aaaaaa
136,aaaaaa
6972,aaaaaa
23408,aaaaaa
11087,aaaaaa
19238,aaaaaa
15721,aaaaaa
1200,aaaaaa
6121,aaaaaa
15748,aaaaaa
12127,aaaaaa
26355,aaaaaa
14125,aaaaaa
13622,aaaaaa
6296,aaaaaa
3927,aaaaaa
14387,aaaaaa
28211,aaaaaa
3606,aaaaaa
21225,aaaaaa
2330,aaaaaa
11707,aaaaaa
2187,aaaaaa
195,aaaaaa
12356,aaaaaa
21443,aaaaaa
17186,aaaaaa
15954,aaaaaa
14638,aaaaaa
2668,aaaaaa
16625,aaaaaa
18452,aaaaaa
15195,aaaaaa
2761,aaaaaa
2032,aaaaaa
17028,aaaaaa
5103,aaaaaa
13652,aaaaaa
1637,aaaaaa
23936,aaaaaa
8312,aaaaaa
11173,aaaaaa
27817,aaaaaa
3074,aaaaaa
7296,aaaaaa
3278,aaaaaa
8003,aaaaaa
21354,aaaaaa
25311,aaaaaa
8326,aaaaaa
23299,aaaaaa
13516,aaaaaa
7352,aaaaaa
13450,aaaaaa
10751,aaaaaa
7829,aaaaaa
16446,aaaaaa
26722,aaaaaa
7697,aaaaaa
14427,aaaaaa
5668,aaaaaa
25548,aaaaaa
10659,aaaaaa
17063,aaaaaa
18425,aaaaaa
8933,aaaaaa
5307,aaaaaa
25873,aaaaaa
20025,aaaaaa
27091,aaaaaa
19642,aaaaaa
12855,aaaaaa
18257,aaaaaa
21128,aaaaaa
19296,aaaaaa
11035,aaaaaa
20411,aaaaaa
5488,aaaaaa
16678,aaaaaa
8024,aaaaaa
24170,aaaaaa
10748,aaaaaa
28873,aaaaaa
23248,aaaaaa
16873,aaaaaa
690,aaaaaa
12013,aaaaaa
16986,aaaaaa
10103,aaaaaa
1014,aaaaaa
869,aaaaaa
1993,aaaaaa
10626,aaaaaa
11949,aaaaaa
14839,aaaaaa
14924,aaaaaa
10558,aaaaaa
7610,aaaaaa
5283,aaaaaa
4370,aaaaaa
1361,aaaaaa
17910,aaaaaa
1629,aaaaaa
12625,aaaaaa
1551,aaaaaa
20810,aaaaaa
29535,aaaaaa
17721,aaaaaa
20285,aaaaaa
21425,aaaaaa
8252,aaaaaa
10442,aaaaaa
14631,aaaaaa
25667,aaaaaa
5039,aaaaaa
18730,aaaaaa
28929,aaaaaa
21869,aaaaaa
28273,aaaaaa
5694,aaaaaa
5119,aaaaaa
21550,aaaaaa
1134,aaaaaa
24726,aaaaaa
10996,aaaaaa
10278,aaaaaa
10451,aaaaaa
4017,aaaaaa
10409,aaaaaa
2424,aaaaaa
4138,aaaaaa
12048,aaaaaa
859,aaaaaa
2962,aaaaaa
24473,aaaaaa
24648,aaaaaa
2426,aaaaaa
27819,aaaaaa
27655,aaaaaa
17748,aaaaaa
7674,aaaaaa
18163,aaaaaa
19874,aaaaaa
28707,aaaaaa
18485,aaaaaa
18202,aaaaaa
16753,aaaaaa
4937,aaaaaa
10896,aaaaaa
5285,aaaaaa
8367,aaaaaa
24351,aaaaaa
23455,aaaaaa
12905,aaaaaa
2093,aaaaaa
27573,aaaaaa
11336,aaaaaa
11683,aaaaaa
7817,aaaaaa
1920,aaaaaa
82,aaaaaa
23715,aaaaaa
23688,aaaaaa
17200,aaaaaa
13318,aaaaaa
26437,aaaaaa
4396,aaaaaa
8475,aaaaaa
22508,aaaaaa
20504,aaaaaa
18845,aaaaaa
1813,aaaaaa
1271,aaaaaa
15226,aaaaaa
2994,aaaaaa
28464,aaaaaa
15674,aaaaaa
15438,aaaaaa
22793,aaaaaa
27548,aaaaaa
26438,aaaaaa
2642,aaaaaa
9280,aaaaaa
26632,aaaaaa
18689,aaaaaa
28399,aaaaaa
21562,aaaaaa
4195,aaaaaa
13032,aaaaaa
23903,aaaaaa
12768,aaaaaa
12360,aaaaaa
3849,aaaaaa
29772,aaaaaa
29193,aaaaaa
16194,aaaaaa
15253,aaaaaa
19233,aaaaaa
16193,aaaaaa
3554,aaaaaa
18579,aaaaaa
13237,aaaaaa
2600,aaaaaa
25871,aaaaaa
22547,aaaaaa
1518,aaaaaa
25189,aaaaaa
4117,aaaaaa
22693,aaaaaa
10825,aaaaaa
5755,aaaaaa
5633,aaaaaa
8399,aaaaaa
28651,aaaaaa
28958,aaaaaa
13065,aaaaaa
7162,aaaaaa
22192,aaaaaa
20186,aaaaaa
14256,aaaaaa
11737,aaaaaa
15441,aaaaaa
1988,aaaaaa
7737,aaaaaa
16901,aaaaaa
10561,aaaaaa
22544,aaaaaa
201,aaaaaa
28610,aaaaaa
22077,aaaaaa
22745,aaaaaa
20840,aaaaaa
19145,aaaaaa
15166,aaaaaa
22865,aaaaaa
22295,aaaaaa
23580,aaaaaa
22931,aaaaaa
4855,aaaaaa
24028,aaaaaa
28260,aaaaaa
29532,aaaaaa
22742,aaaaaa
9741,aaaaaa
12502,aaaaaa
15950,aaaaaa
18822,aaaaaa
3765,aaaaaa
26002,aaaaaa
13452,aaaaaa
6432,aaaaaa
7846,aaaaaa
25331,aaaaaa
12253,aaaaaa
28440,aaaaaa
22724,aaaaaa
21205,aaaaaa
16402,aaaaaa
19944,aaaaaa
20335,aaaaaa
16433,aaaaaa
29849,aaaaaa
887,aaaaaa
6261,aaaaaa
23620,aaaaaa
6989,aaaaaa
6043,aaaaaa
10808,aaaaaa
19552,aaaaaa
19333,aaaaaa
1424,aaaaaa
16523,aaaaaa
15924,aaaaaa
19581,aaaaaa
21515,aaaaaa
112,aaaaaa
8160,aaaaaa
27968,aaaaaa
16199,aaaaaa
4559,aaaaaa
20979,aaaaaa
28726,aaaaaa
11442,aaaaaa
21074,aaaaaa
11254,aaaaaa
24335,aaaaaa
26799,aaaaaa
8566,aaaaaa
16311,aaaaaa
19661,aaaaaa
10758,aaaaaa
20452,aaaaaa
20792,aaaaaa
17266,aaaaaa
19477,aaaaaa
16835,aaaaaa
23646,aaaaaa
3731,aaaaaa
23640,aaaaaa
28406,aaaaaa
4986,aaaaaa
20047,aaaaaa
2763,aaaaaa
13794,aaaaaa
27398,aaaaaa
1855,aaaaaa
15599,aaaaaa
12812,aaaaaa
999,aaaaaa
389,aaaaaa
11599,aaaaaa
6426,aaaaaa
17860,aaaaaa
18624,aaaaaa
10578,aaaaaa
28698,aaaaaa
8112,aaaaaa
17376,aaaaaa
23416,aaaaaa
4997,aaaaaa
20306,aaaaaa
19356,aaaaaa
23255,aaaaaa
14211,aaaaaa
28758,aaaaaa
4796,aaaaaa
4769,aaaaaa
17677,aaaaaa
11065,aaaaaa
4173,aaaaaa
18919,aaaaaa
28686,aaaaaa
1907,aaaaaa
24618,aaaaaa
4946,aaaaaa
8560,aaaaaa
6033,aaaaaa
7619,aaaaaa
1151,aaaaaa
17951,aaaaaa
19555,aaaaaa
27305,aaaaaa
9689,aaaaaa
7106,aaaaaa
28227,aaaaaa
20544,aaaaaa
4287,aaaaaa
2230,aaaaaa
174,aaaaaa
18287,aaaaaa
8752,aaaaaa
24126,aaaaaa
3408,aaaaaa
1538,aaaaaa
2292,aaaaaa
9523,aaaaaa
1363,aaaaaa
4357,aaaaaa
21644,aaaaaa
18504,aaaaaa
18908,aaaaaa
680,aaaaaa
13050,aaaaaa
26699,aaaaaa
3664,aaaaaa
18045,aaaaaa
508,aaaaaa
166,aaaaaa
13689,aaaaaa
27314,aaaaaa
29144,aaaaaa
23749,aaaaaa
1914,aaaaaa
7263,aaaaaa
29462,aaaaaa
29625,aaaaaa
23745,aaaaaa
10728,aaaaaa
1104,aaaaaa
12067,aaaaaa
2610,aaaaaa
9944,aaaaaa
5310,aaaaaa
26086,aaaaaa
11108,aaaaaa
11156,aaaaaa
22138,aaaaaa
152,aaaaaa
13422,aaaaaa
26759,aaaaaa
22063,aaaaaa
2832,aaaaaa
29841,aaaaaa
25220,aaaaaa
3551,aaaaaa
20106,aaaaaa
26139,aaaaaa
27752,aaaaaa
12541,aaaaaa
4538,aaaaaa
14367,aaaaaa
27229,aaaaaa
10014,aaaaaa
12278,aaaaaa
29927,aaaaaa
24847,aaaaaa
15088,aaaaaa
18375,aaaaaa
28502,aaaaaa
24885,aaaaaa
5141,aaaaaa
11814,aaaaaa
20195,aaaaaa
28011,aaaaaa
3450,aaaaaa
20975,aaaaaa
23736,aaaaaa
16589,aaaaaa
23064,aaaaaa
13156,aaaaaa
2749,aaaaaa
24881,aaaaaa
18233,aaaaaa
28587,aaaaaa
19624,aaaaaa
12707,aaaaaa
20466,aaaaaa
19493,aaaaaa
13131,aaaaaa
12251,aaaaaa
10179,aaaaaa
22318,aaaaaa
28451,aaaaaa
5810,aaaaaa
24959,aaaaaa
5634,aaaaaa
20691,aaaaaa
11580,aaaaaa
19540,aaaaaa
13926,aaaaaa
22918,aaaaaa
28702,aaaaaa
1380,aaaaaa
27888,aaaaaa
14901,aaaaaa
3832,aaaaaa
28022,aaaaaa
4776,aaaaaa
24381,aaaaaa
4276,aaaaaa
29623,aaaaaa
4958,aaaaaa
29398,aaaaaa
26377,aaaaaa
16662,aaaaaa
23155,aaaaaa
7415,aaaaaa
3252,aaaaaa
25371,aaaaaa
29101,aaaaaa
16673,aaaaaa
19459,aaaaaa
27067,aaaaaa
26653,aaaaaa
25521,aaaaaa
14300,aaaaaa
15523,aaaaaa
14270,aaaaaa
12327,aaaaaa
11546,aaaaaa
15639,aaaaaa
15042,aaaaaa
14208,aaaaaa
2468,aaaaaa
29164,aaaaaa
16654,aaaaaa
20954,aaaaaa
11757,aaaaaa
13869,aaaaaa
16998,aaaaaa
9583,aaaaaa
6696,aaaaaa
20700,aaaaaa
3180,aaaaaa
15089,aaaaaa
17806,aaaaaa
8275,aaaaaa
9065,aaaaaa
11030,aaaaaa
27999,aaaaaa
4557,aaaaaa
7812,aaaaaa
12839,aaaaaa
6297,aaaaaa
29778,aaaaaa
25697,aaaaaa
14534,aaaaaa
29543,aaaaaa
1132,aaaaaa
10642,aaaaaa
10521,aaaaaa
22626,aaaaaa
27195,aaaaaa
28737,aaaaaa
2871,aaaaaa
23807,aaaaaa
12996,aaaaaa
19164,aaaaaa
1772,aaaaaa
10593,aaaaaa
21904,aaaaaa
1913,aaaaaa
14212,aaaaaa
25992,aaaaaa
9256,aaaaaa
20170,aaaaaa
12602,aaaaaa
27479,aaaaaa
14188,aaaaaa
24729,aaaaaa
15417,aaaaaa
18545,aaaaaa
19392,aaaaaa
1105,aaaaaa
25788,aaaaaa
17076,aaaaaa
26578,aaaaaa
4956,aaaaaa
8307,aaaaaa
29898,aaaaaa
20753,aaaaaa
19149,aaaaaa
20313,aaaaaa
26233,aaaaaa
3696,aaaaaa
7778,aaaaaa
25515,aaaaaa
628,aaaaaa
2451,aaaaaa
25362,aaaaaa
20208,aaaaaa
28447,aaaaaa
29940,aaaaaa
20127,aaaaaa
2176,aaaaaa
23073,aaaaaa
19702,aaaaaa
25577,aaaaaa
23816,aaaaaa
2787,aaaaaa
12297,aaaaaa
1196,aaaaaa
18060,aaaaaa
20331,aaaaaa
7618,aaaaaa
4444,aaaaaa
11128,aaaaaa
15514,aaaaaa
5722,aaaaaa
26511,aaaaaa
10695,aaaaaa
27640,aaaaaa
18753,aaaaaa
4967,aaaaaa
18601,aaaaaa
24532,aaaaaa
10410,aaaaaa
19710,aaaaaa
4009,aaaaaa
15515,aaaaaa
3583,aaaaaa
29667,aaaaaa
18020,aaaaaa
20003,aaaaaa
22601,aaaaaa
18852,aaaaaa
12424,aaaaaa
8277,aaaaaa
22620,aaaaaa
22357,aaaaaa
3667,aaaaaa
12474,aaaaaa
21542,aaaaaa
23978,aaaaaa
23360,aaaaaa
12782,aaaaaa
10211,aaaaaa
3423,aaaaaa
10717,aaaaaa
8199,aaaaaa
18793,aaaaaa
19596,aaaaaa
27775,aaaaaa
5366,aaaaaa
17313,aaaaaa
22977,aaaaaa
2895,aaaaaa
24820,aaaaaa
14122,aaaaaa
1296,aaaaaa
3642,aaaaaa
25770,aaaaaa
27488,aaaaaa
29536,aaaaaa
29251,aaaaaa
8548,aaaaaa
21642,aaaaaa
5451,aaaaaa
23544,aaaaaa
10685,aaaaaa
15449,aaaaaa
7866,aaaaaa
19127,aaaaaa
12867,aaaaaa
14607,aaaaaa
9797,aaaaaa
11755,aaaaaa
13979,aaaaaa
21342,aaaaaa
9738,aaaaaa
14385,aaaaaa
6474,aaaaaa
24272,aaaaaa
8811,aaaaaa
492,aaaaaa
11691,aaaaaa
26851,aaaaaa
1116,aaaaaa
5637,aaaaaa
5085,aaaaaa
1757,aaaaaa
11486,aaaaaa
28080,aaaaaa
28555,aaaaaa
6353,aaaaaa
22973,aaaaaa
28595,aaaaaa
29845,aaaaaa
23941,aaaaaa
29972,aaaaaa
21625,aaaaaa
3644,aaaaaa
19167,aaaaaa
14350,aaaaaa
12001,aaaaaa
25756,aaaaaa
11185,aaaaaa
1696,aaaaaa
22069,aaaaaa
2295,aaaaaa
14794,aaaaaa
14696,aaaaaa
5939,aaaaaa
24147,aaaaaa
28461,aaaaaa
9968,aaaaaa
11033,aaaaaa
3313,aaaaaa
21165,aaaaaa
14824,aaaaaa
24734,aaaaaa
25913,aaaaaa
9784,aaaaaa
9915,aaaaaa
23989,aaaaaa
215,aaaaaa
23091,aaaaaa
1072,aaaaaa
8682,aaaaaa
28690,aaaaaa
19867,aaaaaa
7006,aaaaaa
21486,aaaaaa
13379,aaaaaa
22983,aaaaaa
20148,aaaaaa
8652,aaaaaa
22794,aaaaaa
26134,aaaaaa
13705,aaaaaa
15384,aaaaaa
25,aaaaaa
29115,aaaaaa
10601,aaaaaa
7659,aaaaaa
13401,aaaaaa
5690,aaaaaa
9744,aaaaaa
28803,aaaaaa
27875,aaaaaa
23067,aaaaaa
12721,aaaaaa
9171,aaaaaa
10847,aaaaaa
11908,aaaaaa
630,aaaaaa
24968,aaaaaa
21607,aaaaaa
27961,aaaaaa
8707,aaaaaa
26321,aaaaaa
6614,aaaaaa
5243,aaaaaa
1102,aaaaaa
19660,aaaaaa
21729,aaaaaa
2204,aaaaaa
29676,aaaaaa
24770,aaaaaa
12903,aaaaaa
25219,aaaaaa
11477,aaaaaa
11308,aaaaaa
13767,aaaaaa
15064,aaaaaa
12512,aaaaaa
25584,aaaaaa
29987,aaaaaa
18591,aaaaaa
20936,aaaaaa
20786,aaaaaa
23779,aaaaaa
20102,aaaaaa
17356,aaaaaa
20963,aaaaaa
22900,aaaaaa
14890,aaaaaa
719,aaaaaa
13839,aaaaaa
6155,aaaaaa
20093,aaaaaa
19187,aaaaaa
18950,aaaaaa
4025,aaaaaa
22582,aaaaaa
8224,aaaaaa
17908,aaaaaa
20447,aaaaaa
15493,aaaaaa
19176,aaaaaa
16093,aaaaaa
18606,aaaaaa
5818,aaaaaa
11956,aaaaaa
3866,aaaaaa
25536,aaaaaa
2745,aaaaaa
11867,aaaaaa
10343,aaaaaa
26182,aaaaaa
11950,aaaaaa
27103,aaaaaa
19611,aaaaaa
4214,aaaaaa
20307,aaaaaa
12096,aaaaaa
15193,aaaaaa
19643,aaaaaa
1401,aaaaaa
25315,aaaaaa
12828,aaaaaa
24087,aaaaaa
21363,aaaaaa
3253,aaaaaa
27893,aaaaaa
19045,aaaaaa
2158,aaaaaa
8578,aaaaaa
24472,aaaaaa
17058,aaaaaa
26188,aaaaaa
7011,aaaaaa
25734,aaaaaa
10197,aaaaaa
3841,aaaaaa
18199,aaaaaa
19557,aaaaaa
20132,aaaaaa
11849,aaaaaa
2100,aaaaaa
28184,aaaaaa
23092,aaaaaa
1673,aaaaaa
10293,aaaaaa
4213,aaaaaa
7480,aaaaaa
17932,aaaaaa
14562,aaaaaa
25524,aaaaaa
11515,aaaaaa
8547,aaaaaa
21568,aaaaaa
17845,aaaaaa
14823,aaaaaa
16923,aaaaaa
19604,aaaaaa
16363,aaaaaa
22853,aaaaaa
23554,aaaaaa
14609,aaaaaa
23814,aaaaaa
29310,aaaaaa
18135,aaaaaa
20360,aaaaaa
24737,aaaaaa
18156,aaaaaa
9388,aaaaaa
10070,aaaaaa
10860,aaaaaa
18400,aaaaaa
2005,aaaaaa
20277,aaaaaa
19621,aaaaaa
20808,aaaaaa
15887,aaaaaa
15233,aaaaaa
13411,aaaaaa
24972,aaaaaa
2257,aaaaaa
26140,aaaaaa
20456,aaaaaa
5574,aaaaaa
9083,aaaaaa
29262,aaaaaa
5355,aaaaaa
24802,aaaaaa
6093,aaaaaa
7935,aaaaaa
27017,aaaaaa
1519,aaaaaa
28973,aaaaaa
1378,aaaaaa
22056,aaaaaa
18971,aaaaaa
15206,aaaaaa
21807,aaaaaa
22005,aaaaaa
26687,aaaaaa
13200,aaaaaa
28787,aaaaaa
5842,aaaaaa
7122,aaaaaa
16211,aaaaaa
12820,aaaaaa
5832,aaaaaa
9821,aaaaaa
21272,aaaaaa
12718,aaaaaa
22288,aaaaaa
522,aaaaaa
24427,aaaaaa
19991,aaaaaa
25504,aaaaaa
15372,aaaaaa
234,aaaaaa
12180,aaaaaa
20180,aaaaaa
6318,aaaaaa
23478,aaaaaa
11992,aaaaaa
27765,aaaaaa
1948,aaaaaa
6361,aaaaaa
29102,aaaaaa
27722,aaaaaa
11684,aaaaaa
22475,aaaaaa
15927,aaaaaa
28619,aaaaaa
2224,aaaaaa
28551,aaaaaa
25394,aaaaaa
15246,aaaaaa
16209,aaaaaa
5571,aaaaaa
4523,aaaaaa
5793,aaaaaa
20616,aaaaaa
5738,aaaaaa
19008,aaaaaa
4728,aaaaaa
7818,aaaaaa
8859,aaaaaa
29878,aaaaaa
22335,aaaaaa
25464,aaaaaa
15275,aaaaaa
25896,aaaaaa
2437,aaaaaa
22440,aaaaaa
14087,aaaaaa
25393,aaaaaa
22736,aaaaaa
11989,aaaaaa
3167,aaaaaa
18193,aaaaaa
27011,aaaaaa
23545,aaaaaa
21470,aaaaaa
13752,aaaaaa
24142,aaaaaa
15920,aaaaaa
14027,aaaaaa
7016,aaaaaa
13386,aaaaaa
15998,aaaaaa
12641,aaaaaa
26516,aaaaaa
4945,aaaaaa
15649,aaaaaa
12237,aaaaaa
6046,aaaaaa
9227,aaaaaa
5585,aaaaaa
23303,aaaaaa
5590,aaaaaa
23610,aaaaaa
1228,aaaaaa
18691,aaaaaa
23230,aaaaaa
13341,aaaaaa
13333,aaaaaa
14743,aaaaaa
8244,aaaaaa
26413,aaaaaa
16237,aaaaaa
6555,aaaaaa
15373,aaaaaa
12145,aaaaaa
159,aaaaaa
25235,aaaaaa
1589,aaaaaa
29763,aaaaaa
24035,aaaaaa
15369,aaaaaa
29204,aaaaaa
5565,aaaaaa
23071,aaaaaa
7190,aaaaaa
26052,aaaaaa
10576,aaaaaa
15061,aaaaaa
23864,aaaaaa
13364,aaaaaa
28892,aaaaaa
1556,aaaaaa
2828,aaaaaa
436,aaaaaa
22173,aaaaaa
15592,aaaaaa
29489,aaaaaa
17972,aaaaaa
23782,aaaaaa
2780,aaaaaa
3701,aaaaaa
5686,aaaaaa
20349,aaaaaa
4727,aaaaaa
25549,aaaaaa
17622,aaaaaa
2951,aaaaaa
25652,aaaaaa
2555,aaaaaa
10350,aaaaaa
25723,aaaaaa
17881,aaaaaa
12737,aaaaaa
6465,aaaaaa
7355,aaaaaa
15717,aaaaaa
7823,aaaaaa
23931,aaaaaa
24297,aaaaaa
12449,aaaaaa
27778,aaaaaa
15271,aaaaaa
5185,aaaaaa
22031,aaaaaa
8549,aaaaaa
5242,aaaaaa
18514,aaaaaa
2092,aaaaaa
21793,aaaaaa
10207,aaaaaa
11948,aaaaaa
187,aaaaaa
25987,aaaaaa
24322,aaaaaa
20039,aaaaaa
19810,aaaaaa
26293,aaaaaa
1381,aaaaaa
26537,aaaaaa
8605,aaaaaa
23811,aaaaaa
15743,aaaaaa
21421,aaaaaa
21281,aaaaaa
11528,aaaaaa
19559,aaaaaa
15038,aaaaaa
27697,aaaaaa
26824,aaaaaa
8448,aaaaaa
11390,aaaaaa
29852,aaaaaa
7295,aaaaaa
18619,aaaaaa
8068,aaaaaa
12935,aaaaaa
9959,aaaaaa
20620,aaaaaa
25859,aaaaaa
26267,aaaaaa
9764,aaaaaa
24,aaaaaa
3363,aaaaaa
1088,aaaaaa
12866,aaaaaa
10886,aaaaaa
25117,aaaaaa
11590,aaaaaa
28722,aaaaaa
19225,aaaaaa
10503,aaaaaa
23921,aaaaaa
12306,aaaaaa
23854,aaaaaa
28979,aaaaaa
20536,aaaaaa
17079,aaaaaa
15906,aaaaaa
29086,aaaaaa
11944,aaaaaa
6337,aaaaaa
17611,aaaaaa
18383,aaaaaa
276,aaaaaa
12413,aaaaaa
22313,aaaaaa
19337,aaaaaa
20021,aaaaaa
3906,aaaaaa
21162,aaaaaa
5845,aaaaaa
29548,aaaaaa
20501,aaaaaa
1137,aaaaaa
19151,aaaaaa
24566,aaaaaa
18108,aaaaaa
24045,aaaaaa
25518,aaaaaa
13324,aaaaaa
23364,aaaaaa
2490,aaaaaa
21826,aaaaaa
16165,aaaaaa
7742,aaaaaa
14482,aaaaaa
13127,aaaaaa
3935,aaaaaa
15072,aaaaaa
2384,aaaaaa
8016,aaaaaa
7084,aaaaaa
16499,aaaaaa
1863,aaaaaa
15688,aaaaaa
19503,aaaaaa
20642,aaaaaa
364,aaaaaa
9094,aaaaaa
19203,aaaaaa
26221,aaaaaa
27676,aaaaaa
18354,aaaaaa
21083,aaaaaa
3802,aaaaaa
15309,aaaaaa
22452,aaaaaa
3536,aaaaaa
3825,aaaaaa
6642,aaaaaa
27917,aaaaaa
12991,aaaaaa
18330,aaaaaa
20878,aaaaaa
26235,aaaaaa
13527,aaaaaa
24509,aaaaaa
7269,aaaaaa
26530,aaaaaa
7929,aaaaaa
12982,aaaaaa
7166,aaaaaa
12869,aaaaaa
23347,aaaaaa
5867,aaaaaa
4761,aaaaaa
882,aaaaaa
13893,aaaaaa
28094,aaaaaa
557,aaaaaa
1960,aaaaaa
13331,aaaaaa
1207,aaaaaa
25552,aaaaaa
7684,aaaaaa
16859,aaaaaa
22922,aaaaaa
12021,aaaaaa
10485,aaaaaa
19595,aaaaaa
3630,aaaaaa
1708,aaaaaa
24842,aaaaaa
1140,aaaaaa
19546,aaaaaa
6207,aaaaaa
27536,aaaaaa
20114,aaaaaa
26396,aaaaaa
2660,aaaaaa
25232,aaaaaa
14852,aaaaaa
1307,aaaaaa
18951,aaaaaa
16212,aaaaaa
25574,aaaaaa
12452,aaaaaa
19218,aaaaaa
6905,aaaaaa
11927,aaaaaa
14072,aaaaaa
9429,aaaaaa
2151,aaaaaa
24401,aaaaaa
20219,aaaaaa
29544,aaaaaa
22800,aaaaaa
27203,aaaaaa
13283,aaaaaa
25710,aaaaaa
5004,aaaaaa
23010,aaaaaa
15996,aaaaaa
1627,aaaaaa
19840,aaaaaa
9714,aaaaaa
21315,aaaaaa
358,aaaaaa
138,aaaaaa
8491,aaaaaa
16766,aaaaaa
11181,aaaaaa
340,aaaaaa
4857,aaaaaa
28942,aaaaaa
17823,aaaaaa
9569,aaaaaa
13865,aaaaaa
17330,aaaaaa
10582,aaaaaa
5498,aaaaaa
21300,aaaaaa
8556,aaaaaa
10913,aaaaaa
1932,aaaaaa
2352,aaaaaa
15848,aaaaaa
3236,aaaaaa
12355,aaaaaa
9493,aaaaaa
27296,aaaaaa
3807,aaaaaa
1936,aaaaaa
5619,aaaaaa
14973,aaaaaa
20538,aaaaaa
25372,aaaaaa
18800,aaaaaa
26269,aaaaaa
6139,aaaaaa
785,aaaaaa
23173,aaaaaa
8036,aaaaaa
8315,aaaaaa
29194,aaaaaa
22052,aaaaaa
18556,aaaaaa
2169,aaaaaa
23012,aaaaaa
20393,aaaaaa
20724,aaaaaa
17294,aaaaaa
22652,aaaaaa
14138,aaaaaa
18693,aaaaaa
11826,aaaaaa
25833,aaaaaa
16346,aaaaaa
6591,aaaaaa
4458,aaaaaa
14325,aaaaaa
7597,aaaaaa
9370,aaaaaa
26330,aaaaaa
29002,aaaaaa
4652,aaaaaa
22602,aaaaaa
442,aaaaaa
19799,aaaaaa
9591,aaaaaa
28077,aaaaaa
26286,aaaaaa
9649,aaaaaa
26587,aaaaaa
5744,aaaaaa
15747,aaaaaa
17438,aaaaaa
15845,aaaaaa
20083,aaaaaa
11951,aaaaaa
929,aaaaaa
28895,aaaaaa
22852,aaaaaa
8767,aaaaaa
18213,aaaaaa
11120,aaaaaa
14730,aaaaaa
11738,aaaaaa
13790,aaaaaa
28628,aaaaaa
21930,aaaaaa
27080,aaaaaa
2011,aaaaaa
17297,aaaaaa
7611,aaaaaa
19657,aaaaaa
16028,aaaaaa
26356,aaaaaa
29680,aaaaaa
18990,aaaaaa
21312,aaaaaa
6564,aaaaaa
27845,aaaaaa
16390,aaaaaa
11172,aaaaaa
7835,aaaaaa
22967,aaaaaa
3361,aaaaaa
12966,aaaaaa
10135,aaaaaa
29033,aaaaaa
18019,aaaaaa
1141,aaaaaa
27858,aaaaaa
28048,aaaaaa
15007,aaaaaa
15434,aaaaaa
16743,aaaaaa
18454,aaaaaa
3134,aaaaaa
21544,aaaaaa
6990,aaaaaa
19627,aaaaaa
27290,aaaaaa
18626,aaaaaa
17858,aaaaaa
1823,aaaaaa
10081,aaaaaa
3259,aaaaaa
10213,aaaaaa
4020,aaaaaa
28217,aaaaaa
24950,aaaaaa
3500,aaaaaa
2658,aaaaaa
22947,aaaaaa
17514,aaaaaa
13749,aaaaaa
10516,aaaaaa
1819,aaaaaa
7461,aaaaaa
5624,aaaaaa
17815,aaaaaa
27320,aaaaaa
7064,aaaaaa
20702,aaaaaa
9342,aaaaaa
12336,aaaaaa
4669,aaaaaa
9428,aaaaaa
5476,aaaaaa
29755,aaaaaa
28123,aaaaaa
15670,aaaaaa
1856,aaaaaa
2282,aaaaaa
28002,aaaaaa
20392,aaaaaa
13392,aaaaaa
22785,aaaaaa
6439,aaaaaa
6031,aaaaaa
386,aaaaaa
1628,aaaaaa
11777,aaaaaa
27816,aaaaaa
28987,aaaaaa
13851,aaaaaa
7718,aaaaaa
7544,aaaaaa
11381,aaaaaa
4658,aaaaaa
12497,aaaaaa
9101,aaaaaa
10058,aaaaaa
1842,aaaaaa
18881,aaaaaa
16585,aaaaaa
28434,aaaaaa
3868,aaaaaa
5054,aaaaaa
5889,aaaaaa
14376,aaaaaa
19086,aaaaaa
24306,aaaaaa
28529,aaaaaa
16715,aaaaaa
3808,aaaaaa
27111,aaaaaa
935,aaaaaa
10651,aaaaaa
1774,aaaaaa
26650,aaaaaa
24995,aaaaaa
3744,aaaaaa
17373,aaaaaa
5443,aaaaaa
27396,aaaaaa
13969,aaaaaa
23377,aaaaaa
1875,aaaaaa
22190,aaaaaa
3760,aaaaaa
28010,aaaaaa
22958,aaaaaa
3052,aaaaaa
20125,aaaaaa
13654,aaaaaa
24749,aaaaaa
13146,aaaaaa
28035,aaaaaa
4615,aaaaaa
15812,aaaaaa
3321,aaaaaa
27210,aaaaaa
22630,aaaaaa
22432,aaaaaa
3311,aaaaaa
26491,aaaaaa
29957,aaaaaa
29531,aaaaaa
29070,aaaaaa
12743,aaaaaa
12871,aaaaaa
11595,aaaaaa
8210,aaaaaa
11431,aaaaaa
20012,aaaaaa
20013,aaaaaa
17740,aaaaaa
21386,aaaaaa
16018,aaaaaa
1517,aaaaaa
28520,aaaaaa
22207,aaaaaa
4492,aaaaaa
22054,aaaaaa
3112,aaaaaa
16566,aaaaaa
16294,aaaaaa
11834,aaaaaa
2866,aaaaaa
855,aaaaaa
27555,aaaaaa
4912,aaaaaa
13860,aaaaaa
5463,aaaaaa
18184,aaaaaa
22760,aaaaaa
5482,aaaaaa
12605,aaaaaa
27394,aaaaaa
18352,aaaaaa
3828,aaaaaa
27092,aaaaaa
4697,aaaaaa
15200,aaaaaa
4987,aaaaaa
4650,aaaaaa
17543,aaaaaa
25789,aaaaaa
26423,aaaaaa
17709,aaaaaa
10288,aaaaaa
21477,aaaaaa
21180,aaaaaa
6796,aaaaaa
5808,aaaaaa
29805,aaaaaa
17839,aaaaaa
5410,aaaaaa
8333,aaaaaa
2800,aaaaaa
9836,aaaaaa
10332,aaaaaa
12728,aaaaaa
24000,aaaaaa
28403,aaaaaa
13778,aaaaaa
7815,aaaaaa
4378,aaaaaa
8921,aaaaaa
21259,aaaaaa
6716,aaaaaa
20120,aaaaaa
2261,aaaaaa
7429,aaaaaa
20389,aaaaaa
9302,aaaaaa
28446,aaaaaa
11190,aaaaaa
18778,aaaaaa
17569,aaaaaa
2007,aaaaaa
193,aaaaaa
13803,aaaaaa
28327,aaaaaa
8770,aaaaaa
16300,aaaaaa
21909,aaaaaa
771,aaaaaa
10587,aaaaaa
17862,aaaaaa
18230,aaaaaa
12466,aaaaaa
20124,aaaaaa
26848,aaaaaa
24370,aaaaaa
14868,aaaaaa
14567,aaaaaa
16789,aaaaaa
29309,aaaaaa
29564,aaaaaa
10088,aaaaaa
16910,aaaaaa
6317,aaaaaa
11851,aaaaaa
6581,aaaaaa
1447,aaaaaa
342,aaaaaa
23852,aaaaaa
13319,aaaaaa
11328,aaaaaa
17111,aaaaaa
20961,aaaaaa
9168,aaaaaa
25634,aaaaaa
28537,aaaaaa
19900,aaaaaa
7368,aaaaaa
2044,aaaaaa
7156,aaaaaa
16288,aaaaaa
7851,aaaaaa
10178,aaaaaa
12132,aaaaaa
25875,aaaaaa
13615,aaaaaa
17732,aaaaaa
17044,aaaaaa
1492,aaaaaa
778,aaaaaa
21538,aaaaaa
9885,aaaaaa
18863,aaaaaa
9277,aaaaaa
2524,aaaaaa
23567,aaaaaa
21174,aaaaaa
5374,aaaaaa
19582,aaaaaa
22101,aaaaaa
26206,aaaaaa
28638,aaaaaa
16232,aaaaaa
14849,aaaaaa
17371,aaaaaa
8259,aaaaaa
26920,aaaaaa
40,aaaaaa
11240,aaaaaa
18146,aaaaaa
27404,aaaaaa
14424,aaaaaa
11639,aaaaaa
6816,aaaaaa
26325,aaaaaa
27113,aaaaaa
10704,aaaaaa
19107,aaaaaa
14140,aaaaaa
1460,aaaaaa
27797,aaaaaa
25719,aaaaaa
4493,aaaaaa
23539,aaaaaa
26318,aaaaaa
13074,aaaaaa
17915,aaaaaa
13686,aaaaaa
13947,aaaaaa
11002,aaaaaa
15432,aaaaaa
7230,aaaaaa
15686,aaaaaa
10412,aaaaaa
5075,aaaaaa
24264,aaaaaa
21778,aaaaaa
9641,aaaaaa
27763,aaaaaa
27591,aaaaaa
24173,aaaaaa
29012,aaaaaa
4088,aaaaaa
18351,aaaaaa
21141,aaaaaa
28174,aaaaaa
14949,aaaaaa
4249,aaaaaa
23383,aaaaaa
16807,aaaaaa
28903,aaaaaa
10096,aaaaaa
29257,aaaaaa
22010,aaaaaa
12109,aaaaaa
6142,aaaaaa
5661,aaaaaa
13970,aaaaaa
15037,aaaaaa
9031,aaaaaa
20980,aaaaaa
2659,aaaaaa
141,aaaaaa
2597,aaaaaa
6701,aaaaaa
15223,aaaaaa
17761,aaaaaa
20058,aaaaaa
26042,aaaaaa
29846,aaaaaa
22746,aaaaaa
7418,aaaaaa
21125,aaaaaa
17522,aaaaaa
10449,aaaaaa
23758,aaaaaa
18171,aaaaaa
12130,aaaaaa
26905,aaaaaa
21030,aaaaaa
23952,aaaaaa
16843,aaaaaa
22499,aaaaaa
16013,aaaaaa
8179,aaaaaa
11565,aaaaaa
17332,aaaaaa
9528,aaaaaa
6370,aaaaaa
4628,aaaaaa
23742,aaaaaa
14478,aaaaaa
22309,aaaaaa
22424,aaaaaa
441,aaaaaa
23043,aaaaaa
9794,aaaaaa
25215,aaaaaa
9046,aaaaaa
3830,aaaaaa
29095,aaaaaa
22528,aaaaaa
28566,aaaaaa
6344,aaaaaa
28324,aaaaaa
1958,aaaaaa
25646,aaaaaa
155,aaaaaa
10487,aaaaaa
27711,aaaaaa
4578,aaaaaa
1089,aaaaaa
22433,aaaaaa
28725,aaaaaa
12576,aaaaaa
9122,aaaaaa
7950,aaaaaa
11101,aaaaaa
18058,aaaaaa
23147,aaaaaa
27469,aaaaaa
6416,aaaaaa
16021,aaaaaa
9087,aaaaaa
11439,aaaaaa
18710,aaaaaa
7096,aaaaaa
1098,aaaaaa
5433,aaaaaa
13230,aaaaaa
6450,aaaaaa
12328,aaaaaa
10785,aaaaaa
18099,aaaaaa
26274,aaaaaa
25556,aaaaaa
24765,aaaaaa
25817,aaaaaa
20215,aaaaaa
22683,aaaaaa
3348,aaaaaa
4079,aaaaaa
9177,aaaaaa
29024,aaaaaa
587,aaaaaa
9346,aaaaaa
13269,aaaaaa
13537,aaaaaa
27877,aaaaaa
10964,aaaaaa
29284,aaaaaa
13675,aaaaaa
19374,aaaaaa
21953,aaaaaa
26697,aaaaaa
16299,aaaaaa
645,aaaaaa
11749,aaaaaa
9587,aaaaaa
16648,aaaaaa
11739,aaaaaa
15036,aaaaaa
226,aaaaaa
23172,aaaaaa
27700,aaaaaa
3864,aaaaaa
10592,aaaaaa
22658,aaaaaa
27973,aaaaaa
29705,aaaaaa
16154,aaaaaa
20095,aaaaaa
8438,aaaaaa
26170,aaaaaa
1529,aaaaaa
27188,aaaaaa
923,aaaaaa
26612,aaaaaa
23713,aaaaaa
20748,aaaaaa
17053,aaaaaa
19988,aaaaaa
21492,aaaaaa
10102,aaaaaa
28492,aaaaaa
21632,aaaaaa
7183,aaaaaa
12150,aaaaaa
28373,aaaaaa
2591,aaaaaa
5906,aaaaaa
26357,aaaaaa
22893,aaaaaa
11205,aaaaaa
7133,aaaaaa
2307,aaaaaa
25188,aaaaaa
20074,aaaaaa
17071,aaaaaa
14203,aaaaaa
612,aaaaaa
23551,aaaaaa
21494,aaaaaa
19584,aaaaaa
11168,aaaaaa
6629,aaaaaa
4135,aaaaaa
1898,aaaaaa
13937,aaaaaa
282,aaaaaa
258,aaaaaa
11116,aaaaaa
29143,aaaaaa
4943,aaaaaa
19206,aaaaaa
14721,aaaaaa
11531,aaaaaa
19909,aaaaaa
6971,aaaaaa
14889,aaaaaa
13521,aaaaaa
5223,aaaaaa
2285,aaaaaa
22447,aaaaaa
8078,aaaaaa
21038,aaaaaa
21384,aaaaaa
6710,aaaaaa
28993,aaaaaa
25060,aaaaaa
10403,aaaaaa
21800,aaaaaa
475,aaaaaa
18939,aaaaaa
24471,aaaaaa
16391,aaaaaa
6411,aaaaaa
2551,aaaaaa
6852,aaaaaa
5546,aaaaaa
13489,aaaaaa
18810,aaaaaa
23128,aaaaaa
26390,aaaaaa
27040,aaaaaa
29449,aaaaaa
18658,aaaaaa
9203,aaaaaa
17961,aaaaaa
23648,aaaaaa
25643,aaaaaa
10183,aaaaaa
20354,aaaaaa
13565,aaaaaa
22263,aaaaaa
16280,aaaaaa
27539,aaaaaa
21360,aaaaaa
7193,aaaaaa
20251,aaaaaa
18489,aaaaaa
6823,aaaaaa
23932,aaaaaa
29120,aaaaaa
781,aaaaaa
14939,aaaaaa
18133,aaaaaa
10983,aaaaaa
6519,aaaaaa
5774,aaaaaa
13171,aaaaaa
9283,aaaaaa
9369,aaaaaa
28723,aaaaaa
18708,aaaaaa
10271,aaaaaa
5055,aaaaaa
10800,aaaaaa
28507,aaaaaa
1727,aaaaaa
16994,aaaaaa
16009,aaaaaa
4666,aaaaaa
21797,aaaaaa
24487,aaaaaa
24558,aaaaaa
8535,aaaaaa
3750,aaaaaa
12924,aaaaaa
12722,aaaaaa
11407,aaaaaa
97,aaaaaa
23369,aaaaaa
3137,aaaaaa
13368,aaaaaa
14357,aaaaaa
17921,aaaaaa
13140,aaaaaa
15177,aaaaaa
3648,aaaaaa
10849,aaaaaa
26852,aaaaaa
17901,aaaaaa
1633,aaaaaa
21008,aaaaaa
12464,aaaaaa
11861,aaaaaa
22950,aaaaaa
29606,aaaaaa
18474,aaaaaa
23481,aaaaaa
6171,aaaaaa
7521,aaaaaa
572,aaaaaa
9879,aaaaaa
28598,aaaaaa
19446,aaaaaa
597,aaaaaa
15352,aaaaaa
23017,aaaaaa
29147,aaaaaa
24259,aaaaaa
7345,aaaaaa
6304,aaaaaa
26904,aaaaaa
29167,aaaaaa
16376,aaaaaa
27128,aaaaaa
22360,aaaaaa
24946,aaaaaa
18322,aaaaaa
24484,aaaaaa
1753,aaaaaa
20054,aaaaaa
28531,aaaaaa
18745,aaaaaa
20644,aaaaaa
5432,aaaaaa
22669,aaaaaa
13183,aaaaaa
26655,aaaaaa
29202,aaaaaa
11929,aaaaaa
26584,aaaaaa
27770,aaaaaa
9135,aaaaaa
28165,aaaaaa
21975,aaaaaa
1171,aaaaaa
15562,aaaaaa
7927,aaaaaa
28897,aaaaaa
28362,aaaaaa
25998,aaaaaa
29334,aaaaaa
26998,aaaaaa
14531,aaaaaa
15892,aaaaaa
28736,aaaaaa
17258,aaaaaa
18681,aaaaaa
28957,aaaaaa
2643,aaaaaa
26295,aaaaaa
5347,aaaaaa
9032,aaaaaa
22059,aaaaaa
16965,aaaaaa
204,aaaaaa
7896,aaaaaa
9833,aaaaaa
2014,aaaaaa
17289,aaaaaa
17015,aaaaaa
8461,aaaaaa
19675,aaaaaa
1974,aaaaaa
162,aaaaaa
4998,aaaaaa
27248,aaaaaa
9557,aaaaaa
4713,aaaaaa
9067,aaaaaa
1431,aaaaaa
15261,aaaaaa
23252,aaaaaa
12835,aaaaaa
13975,aaaaaa
28696,aaaaaa
7710,aaaaaa
7736,aaaaaa
4283,aaaaaa
7531,aaaaaa
14139,aaaaaa
17069,aaaaaa
13493,aaaaaa
10053,aaaaaa
10851,aaaaaa
3384,aaaaaa
2839,aaaaaa
27055,aaaaaa
27395,aaaaaa
23846,aaaaaa
15078,aaaaaa
19715,aaaaaa
26201,aaaaaa
15941,aaaaaa
10595,aaaaaa
22788,aaaaaa
25279,aaaaaa
15433,aaaaaa
2096,aaaaaa
10195,aaaaaa
27502,aaaaaa
7999,aaaaaa
27916,aaaaaa
5017,aaaaaa
25122,aaaaaa
17833,aaaaaa
23284,aaaaaa
18994,aaaaaa
18284,aaaaaa
24570,aaaaaa
20304,aaaaaa
2757,aaaaaa
6397,aaaaaa
10077,aaaaaa
13930,aaaaaa
27954,aaaaaa
14082,aaaaaa
2097,aaaaaa
8329,aaaaaa
25075,aaaaaa
22008,aaaaaa
9028,aaaaaa
3471,aaaaaa
12889,aaaaaa
14472,aaaaaa
16230,aaaaaa
24650,aaaaaa
18555,aaaaaa
18509,aaaaaa
1733,aaaaaa
24974,aaaaaa
18394,aaaaaa
29688,aaaaaa
1283,aaaaaa
12485,aaaaaa
12448,aaaaaa
10028,aaaaaa
21621,aaaaaa
1019,aaaaaa
16184,aaaaaa
27651,aaaaaa
9518,aaaaaa
25051,aaaaaa
19194,aaaaaa
17520,aaaaaa
1651,aaaaaa
830,aaaaaa
1169,aaaaaa
10720,aaaaaa
25782,aaaaaa
6256,aaaaaa
5469,aaaaaa
16044,aaaaaa
28059,aaaaaa
10258,aaaaaa
16063,aaaaaa
17251,aaaaaa
11166,aaaaaa
29131,aaaaaa
5093,aaaaaa
21817,aaaaaa
541,aaaaaa
9324,aaaaaa
17047,aaaaaa
12693,aaaaaa
22738,aaaaaa
29007,aaaaaa
3390,aaaaaa
12080,aaaaaa
11154,aaaaaa
14226,aaaaaa
16977,aaaaaa
16029,aaaaaa
29904,aaaaaa
10775,aaaaaa
11005,aaaaaa
3959,aaaaaa
6643,aaaaaa
23225,aaaaaa
20815,aaaaaa
16100,aaaaaa
16087,aaaaaa
3586,aaaaaa
26975,aaaaaa
2563,aaaaaa
10822,aaaaaa
26696,aaaaaa
5036,aaaaaa
1080,aaaaaa
5891,aaaaaa
26661,aaaaaa
14537,aaaaaa
21350,aaaaaa
2023,aaaaaa
13109,aaaaaa
29876,aaaaaa
7909,aaaaaa
28047,aaaaaa
23705,aaaaaa
16610,aaaaaa
1013,aaaaaa
14871,aaaaaa
18313,aaaaaa
9235,aaaaaa
5251,aaaaaa
9596,aaaaaa
2179,aaaaaa
17081,aaaaaa
17508,aaaaaa
23762,aaaaaa
12087,aaaaaa
21573,aaaaaa
5110,aaaaaa
24286,aaaaaa
1778,aaaaaa
26815,aaaaaa
19018,aaaaaa
15379,aaaaaa
23928,aaaaaa
7604,aaaaaa
19873,aaaaaa
13944,aaaaaa
17421,aaaaaa
27130,aaaaaa
29912,aaaaaa
24889,aaaaaa
19033,aaaaaa
10473,aaaaaa
14933,aaaaaa
19363,aaaaaa
18931,aaaaaa
5132,aaaaaa
2159,aaaaaa
11329,aaaaaa
25498,aaaaaa
14042,aaaaaa
14566,aaaaaa
6445,aaaaaa
3967,aaaaaa
1428,aaaaaa
3081,aaaaaa
2520,aaaaaa
11754,aaaaaa
24417,aaaaaa
10047,aaaaaa
27897,aaaaaa
27118,aaaaaa
6019,aaaaaa
16832,aaaaaa
16898,aaaaaa
25860,aaaaaa
22379,aaaaaa
22656,aaaaaa
3727,aaaaaa
23737,aaaaaa
8553,aaaaaa
22663,aaaaaa
28385,aaaaaa
23679,aaaaaa
9496,aaaaaa
6251,aaaaaa
5926,aaaaaa
18844,aaaaaa
16406,aaaaaa
18450,aaaaaa
18037,aaaaaa
8894,aaaaaa
8706,aaaaaa
1376,aaaaaa
1724,aaaaaa
3754,aaaaaa
10517,aaaaaa
25036,aaaaaa
20567,aaaaaa
28519,aaaaaa
4082,aaaaaa
26062,aaaaaa
11870,aaaaaa
27593,aaaaaa
24858,aaaaaa
22963,aaaaaa
20942,aaaaaa
12500,aaaaaa
13057,aaaaaa
19921,aaaaaa
16140,aaaaaa
23387,aaaaaa
10773,aaaaaa
25944,aaaaaa
20714,aaaaaa
25237,aaaaaa
25173,aaaaaa
9951,aaaaaa
14571,aaaaaa
17030,aaaaaa
22765,aaaaaa
23911,aaaaaa
29547,aaaaaa
14215,aaaaaa
15997,aaaaaa
7165,aaaaaa
26825,aaaaaa
24081,aaaaaa
11182,aaaaaa
29112,aaaaaa
4875,aaaaaa
10736,aaaaaa
29361,aaaaaa
15990,aaaaaa
21725,aaaaaa
27734,aaaaaa
12258,aaaaaa
23415,aaaaaa
18544,aaaaaa
685,aaaaaa
11435,aaaaaa
28930,aaaaaa
14291,aaaaaa
2461,aaaaaa
12275,aaaaaa
11889,aaaaaa
7128,aaaaaa
16377,aaaaaa
22651,aaaaaa
21325,aaaaaa
5946,aaaaaa
4583,aaaaaa
22168,aaaaaa
12232,aaaaaa
26806,aaaaaa
23953,aaaaaa
25511,aaaaaa
13070,aaaaaa
16905,aaaaaa
25098,aaaaaa
28375,aaaaaa
3983,aaaaaa
14686,aaaaaa
6303,aaaaaa
9908,aaaaaa
780,aaaaaa
17153,aaaaaa
21991,aaaaaa
5978,aaaaaa
25227,aaaaaa
20131,aaaaaa
2196,aaaaaa
14089,aaaaaa
24945,aaaaaa
29829,aaaaaa
20669,aaaaaa
24953,aaaaaa
27457,aaaaaa
26792,aaaaaa
9832,aaaaaa
26189,aaaaaa
6979,aaaaaa
18211,aaaaaa
11824,aaaaaa
25538,aaaaaa
19393,aaaaaa
2376,aaaaaa
24935,aaaaaa
20223,aaaaaa
17630,aaaaaa
23888,aaaaaa
11483,aaaaaa
6511,aaaaaa
13279,aaaaaa
28716,aaaaaa
14473,aaaaaa
5439,aaaaaa
10759,aaaaaa
26613,aaaaaa
6493,aaaaaa
8964,aaaaaa
25138,aaaaaa
5510,aaaaaa
5330,aaaaaa
27061,aaaaaa
4531,aaaaaa
9866,aaaaaa
15587,aaaaaa
16749,aaaaaa
10142,aaaaaa
12089,aaaaaa
22804,aaaaaa
16531,aaaaaa
18052,aaaaaa
11280,aaaaaa
28239,aaaaaa
24034,aaaaaa
24983,aaaaaa
7788,aaaaaa
3456,aaaaaa
19655,aaaaaa
4940,aaaaaa
9223,aaaaaa
26724,aaaaaa
22614,aaaaaa
28331,aaaaaa
14916,aaaaaa
23724,aaaaaa
25431,aaaaaa
20310,aaaaaa
7099,aaaaaa
8080,aaaaaa
16462,aaaaaa
23472,aaaaaa
18631,aaaaaa
27249,aaaaaa
29924,aaaaaa
27307,aaaaaa
23835,aaaaaa
25364,aaaaaa
18663,aaaaaa
24507,aaaaaa
20281,aaaaaa
26940,aaaaaa
23561,aaaaaa
9312,aaaaaa
6172,aaaaaa
3631,aaaaaa
16955,aaaaaa
6272,aaaaaa
25000,aaaaaa
392,aaaaaa
3191,aaaaaa
16,aaaaaa
20584,aaaaaa
19056,aaaaaa
29321,aaaaaa
22548,aaaaaa
19877,aaaaaa
26035,aaaaaa
27705,aaaaaa
7394,aaaaaa
21223,aaaaaa
593,aaaaaa
4719,aaaaaa
25121,aaaaaa
5827,aaaaaa
10749,aaaaaa
24345,aaaaaa
22271,aaaaaa
18739,aaaaaa
22420,aaaaaa
4798,aaaaaa
10634,aaaaaa
4795,aaaaaa
20976,aaaaaa
11234,aaaaaa
8656,aaaaaa
163,aaaaaa
671,aaaaaa
29156,aaaaaa
14308,aaaaaa
29671,aaaaaa
16052,aaaaaa
23764,aaaaaa
14828,aaaaaa
24817,aaaaaa
26585,aaaaaa
22740,aaaaaa
25476,aaaaaa
5542,aaaaaa
22391,aaaaaa
7993,aaaaaa
24022,aaaaaa
23177,aaaaaa
10900,aaaaaa
7758,aaaaaa
4837,aaaaaa
18677,aaaaaa
6548,aaaaaa
24282,aaaaaa
4481,aaaaaa
3716,aaaaaa
10837,aaaaaa
6140,aaaaaa
9956,aaaaaa
1549,aaaaaa
26715,aaaaaa
14818,aaaaaa
18428,aaaaaa
767,aaaaaa
5693,aaaaaa
24254,aaaaaa
9700,aaaaaa
29866,aaaaaa
24241,aaaaaa
19686,aaaaaa
4517,aaaaaa
12411,aaaaaa
28604,aaaaaa
26976,aaaaaa
3292,aaaaaa
9011,aaaaaa
1403,aaaaaa
1382,aaaaaa
10340,aaaaaa
23312,aaaaaa
22055,aaaaaa
1638,aaaaaa
14083,aaaaaa
8800,aaaaaa
23291,aaaaaa
24975,aaaaaa
6406,aaaaaa
9074,aaaaaa
17563,aaaaaa
5448,aaaaaa
12168,aaaaaa
26706,aaaaaa
5078,aaaaaa
25032,aaaaaa
21559,aaaaaa
26526,aaaaaa
13564,aaaaaa
17073,aaaaaa
3850,aaaaaa
22909,aaaaaa
21121,aaaaaa
6488,aaaaaa
10145,aaaaaa
13828,aaaaaa
7154,aaaaaa
28270,aaaaaa
6610,aaaaaa
5179,aaaaaa
20733,aaaaaa
12330,aaaaaa
18268,aaaaaa
19103,aaaaaa
29061,aaaaaa
2494,aaaaaa
22331,aaaaaa
19420,aaaaaa
22161,aaaaaa
845,aaaaaa
8734,aaaaaa
11916,aaaaaa
11871,aaaaaa
12415,aaaaaa
7967,aaaaaa
23563,aaaaaa
7340,aaaaaa
13891,aaaaaa
28491,aaaaaa
27297,aaaaaa
7137,aaaaaa
2964,aaaaaa
15751,aaaaaa
18913,aaaaaa
15476,aaaaaa
5772,aaaaaa
17432,aaaaaa
23429,aaaaaa
18344,aaaaaa
2530,aaaaaa
11138,aaaaaa
29998,aaaaaa
14716,aaaaaa
8429,aaaaaa
4917,aaaaaa
25709,aaaaaa
5901,aaaaaa
8286,aaaaaa
20643,aaaaaa
27790,aaaaaa
26561,aaaaaa
5656,aaaaaa
16127,aaaaaa
22481,aaaaaa
5907,aaaaaa
7373,aaaaaa
19362,aaaaaa
28262,aaaaaa
28954,aaaaaa
6721,aaaaaa
24226,aaaaaa
28884,aaaaaa
12686,aaaaaa
8264,aaaaaa
7693,aaaaaa
19522,aaaaaa
8325,aaaaaa
29897,aaaaaa
12265,aaaaaa
11421,aaaaaa
1826,aaaaaa
21932,aaaaaa
25169,aaaaaa
12329,aaaaaa
560,aaaaaa
4107,aaaaaa
24819,aaaaaa
5435,aaaaaa
4437,aaaaaa
10382,aaaaaa
24981,aaaaaa
17826,aaaaaa
24837,aaaaaa
4406,aaaaaa
29300,aaaaaa
18073,aaaaaa
23958,aaaaaa
9917,aaaaaa
28471,aaaaaa
22346,aaaaaa
18880,aaaaaa
15096,aaaaaa
2817,aaaaaa
16724,aaaaaa
18792,aaaaaa
26177,aaaaaa
27417,aaaaaa
5782,aaaaaa
20960,aaaaaa
16163,aaaaaa
20109,aaaaaa
19169,aaaaaa
9715,aaaaaa
10699,aaaaaa
29096,aaaaaa
17396,aaaaaa
21664,aaaaaa
4895,aaaaaa
26342,aaaaaa
23505,aaaaaa
22933,aaaaaa
20421,aaaaaa
29350,aaaaaa
148,aaaaaa
16669,aaaaaa
18752,aaaaaa
8555,aaaaaa
22483,aaaaaa
26116,aaaaaa
15463,aaaaaa
23154,aaaaaa
4443,aaaaaa
7446,aaaaaa
236,aaaaaa
15901,aaaaaa
29391,aaaaaa
10754,aaaaaa
7123,aaaaaa
28581,aaaaaa
10123,aaaaaa
13711,aaaaaa
3083,aaaaaa
26678,aaaaaa
632,aaaaaa
23197,aaaaaa
18877,aaaaaa
2665,aaaaaa
27662,aaaaaa
25592,aaaaaa
27530,aaaaaa
10526,aaaaaa
15836,aaaaaa
10060,aaaaaa
14788,aaaaaa
12075,aaaaaa
27625,aaaaaa
20595,aaaaaa
14109,aaaaaa
9686,aaaaaa
26977,aaaaaa
20258,aaaaaa
25808,aaaaaa
19201,aaaaaa
27258,aaaaaa
5249,aaaaaa
8533,aaaaaa
7426,aaaaaa
12345,aaaaaa
27846,aaaaaa
7979,aaaaaa
28804,aaaaaa
26161,aaaaaa
1735,aaaaaa
23781,aaaaaa
14484,aaaaaa
4255,aaaaaa
27293,aaaaaa
2475,aaaaaa
10756,aaaaaa
29973,aaaaaa
3713,aaaaaa
6704,aaaaaa
18188,aaaaaa
17091,aaaaaa
28788,aaaaaa
5189,aaaaaa
28004,aaaaaa
21856,aaaaaa
16456,aaaaaa
14210,aaaaaa
7843,aaaaaa
12640,aaaaaa
14052,aaaaaa
13031,aaaaaa
29492,aaaaaa
21485,aaaaaa
6764,aaaaaa
25766,aaaaaa
10793,aaaaaa
1125,aaaaaa
17625,aaaaaa
29603,aaaaaa
18733,aaaaaa
11543,aaaaaa
22986,aaaaaa
23164,aaaaaa
26153,aaaaaa
4358,aaaaaa
14114,aaaaaa
17727,aaaaaa
29978,aaaaaa
21400,aaaaaa
7421,aaaaaa
25016,aaaaaa
6652,aaaaaa
17484,aaaaaa
9160,aaaaaa
25225,aaaaaa
26122,aaaaaa
23711,aaaaaa
7622,aaaaaa
987,aaaaaa
27042,aaaaaa
16014,aaaaaa
2852,aaaaaa
11695,aaaaaa
8853,aaaaaa
16336,aaaaaa
14996,aaaaaa
17014,aaaaaa
17633,aaaaaa
19563,aaaaaa
16866,aaaaaa
26160,aaaaaa
9654,aaaaaa
3040,aaaaaa
16035,aaaaaa
5010,aaaaaa
28063,aaaaaa
23384,aaaaaa
3273,aaaaaa
7227,aaaaaa
3683,aaaaaa
23058,aaaaaa
6807,aaaaaa
12337,aaaaaa
22083,aaaaaa
1316,aaaaaa
3225,aaaaaa
17456,aaaaaa
21199,aaaaaa
27594,aaaaaa
27207,aaaaaa
9852,aaaaaa
5752,aaaaaa
10617,aaaaaa
16393,aaaaaa
4616,aaaaaa
19481,aaaaaa
29153,aaaaaa
23253,aaaaaa
1300,aaaaaa
23669,aaaaaa
15222,aaaaaa
22668,aaaaaa
29230,aaaaaa
13673,aaaaaa
9900,aaaaaa
5495,aaaaaa
21675,aaaaaa
9600,aaaaaa
26421,aaaaaa
1798,aaaaaa
12149,aaaaaa
9667,aaaaaa
21587,aaaaaa
24611,aaaaaa
21431,aaaaaa
6441,aaaaaa
8636,aaaaaa
24489,aaaaaa
15600,aaaaaa
18743,aaaaaa
29074,aaaaaa
3654,aaaaaa
7052,aaaaaa
15945,aaaaaa
11371,aaaaaa
15710,aaaaaa
1286,aaaaaa
19914,aaaaaa
20829,aaaaaa
2137,aaaaaa
23171,aaaaaa
10828,aaaaaa
12208,aaaaaa
12289,aaaaaa
9873,aaaaaa
21923,aaaaaa
16489,aaaaaa
23695,aaaaaa
13467,aaaaaa
6894,aaaaaa
9884,aaaaaa
3610,aaaaaa
27117,aaaaaa
24948,aaaaaa
7151,aaaaaa
17347,aaaaaa
6012,aaaaaa
13645,aaaaaa
14113,aaaaaa
4882,aaaaaa
16524,aaaaaa
13076,aaaaaa
12611,aaaaaa
12046,aaaaaa
4146,aaaaaa
8906,aaaaaa
23320,aaaaaa
6542,aaaaaa
21627,aaaaaa
26414,aaaaaa
4431,aaaaaa
27432,aaaaaa
406,aaaaaa
24596,aaaaaa
25580,aaaaaa
27450,aaaaaa
13178,aaaaaa
26987,aaaaaa
27121,aaaaaa
16173,aaaaaa
21829,aaaaaa
26966,aaaaaa
25519,aaaaaa
8234,aaaaaa
11022,aaaaaa
14051,aaaaaa
11563,aaaaaa
11556,aaaaaa
20783,aaaaaa
16353,aaaaaa
21636,aaaaaa
11,aaaaaa
4760,aaaaaa
1177,aaaaaa
26523,aaaaaa
10693,aaaaaa
2863,aaaaaa
6471,aaaaaa
22612,aaaaaa
9218,aaaaaa
12040,aaaaaa
2989,aaaaaa
25537,aaaaaa
23501,aaaaaa
11207,aaaaaa
7010,aaaaaa
11530,aaaaaa
14437,aaaaaa
22443,aaaaaa
8927,aaaaaa
12592,aaaaaa
17824,aaaaaa
29619,aaaaaa
2875,aaaaaa
12178,aaaaaa
9108,aaaaaa
2190,aaaaaa
28157,aaaaaa
23616,aaaaaa
3726,aaaaaa
19156,aaaaaa
26200,aaaaaa
16838,aaaaaa
9013,aaaaaa
8189,aaaaaa
1367,aaaaaa
3712,aaaaaa
5450,aaaaaa
17772,aaaaaa
25426,aaaaaa
15638,aaaaaa
1000,aaaaaa
7761,aaaaaa
3553,aaaaaa
4114,aaaaaa
26213,aaaaaa
1667,aaaaaa
3173,aaaaaa
15740,aaaaaa
25923,aaaaaa
29100,aaaaaa
488,aaaaaa
19614,aaaaaa
20212,aaaaaa
27208,aaaaaa
27930,aaaaaa
12975,aaaaaa
21592,aaaaaa
7848,aaaaaa
5704,aaaaaa
29470,aaaaaa
8133,aaaaaa
17087,aaaaaa
5105,aaaaaa
28310,aaaaaa
3291,aaaaaa
8125,aaaaaa
11865,aaaaaa
26984,aaaaaa
13380,aaaaaa
9519,aaaaaa
29456,aaaaaa
13965,aaaaaa
14287,aaaaaa
13598,aaaaaa
28508,aaaaaa
21293,aaaaaa
4440,aaaaaa
10055,aaaaaa
17370,aaaaaa
29259,aaaaaa
28854,aaaaaa
29085,aaaaaa
24089,aaaaaa
15504,aaaaaa
22641,aaaaaa
22473,aaaaaa
27050,aaaaaa
15577,aaaaaa
5238,aaaaaa
14646,aaaaaa
15552,aaaaaa
17582,aaaaaa
12373,aaaaaa
26094,aaaaaa
28593,aaaaaa
13669,aaaaaa
7519,aaaaaa
23196,aaaaaa
9991,aaaaaa
9206,aaaaaa
24704,aaaaaa
9556,aaaaaa
10225,aaaaaa
23559,aaaaaa
4470,aaaaaa
17275,aaaaaa
10985,aaaaaa
1969,aaaaaa
12595,aaaaaa
5757,aaaaaa
22911,aaaaaa
6294,aaaaaa
12115,aaaaaa
13605,aaaaaa
7595,aaaaaa
9110,aaaaaa
3249,aaaaaa
6570,aaaaaa
6638,aaaaaa
23735,aaaaaa
21726,aaaaaa
15398,aaaaaa
25784,aaaaaa
23857,aaaaaa
12504,aaaaaa
125,aaaaaa
16170,aaaaaa
5370,aaaaaa
1239,aaaaaa
2289,aaaaaa
19124,aaaaaa
8467,aaaaaa
20969,aaaaaa
25611,aaaaaa
1229,aaaaaa
9200,aaaaaa
6980,aaaaaa
5178,aaaaaa
10724,aaaaaa
20677,aaaaaa
1058,aaaaaa
6262,aaaaaa
15360,aaaaaa
27420,aaaaaa
281,aaaaaa
25619,aaaaaa
25892,aaaaaa
14846,aaaaaa
968,aaaaaa
16001,aaaaaa
26957,aaaaaa
20337,aaaaaa
1939,aaaaaa
29607,aaaaaa
17658,aaaaaa
619,aaaaaa
18309,aaaaaa
1742,aaaaaa
17774,aaaaaa
18587,aaaaaa
14135,aaaaaa
26155,aaaaaa
9847,aaaaaa
3568,aaaaaa
26928,aaaaaa
26788,aaaaaa
15563,aaaaaa
6116,aaaaaa
29955,aaaaaa
22436,aaaaaa
3178,aaaaaa
19576,aaaaaa
9499,aaaaaa
6099,aaaaaa
23413,aaaaaa
16959,aaaaaa
10552,aaaaaa
23040,aaaaaa
23499,aaaaaa
13994,aaaaaa
29160,aaaaaa
15635,aaaaaa
6276,aaaaaa
9472,aaaaaa
28455,aaaaaa
13149,aaaaaa
11083,aaaaaa
22281,aaaaaa
5724,aaaaaa
26569,aaaaaa
10831,aaaaaa
16653,aaaaaa
629,aaaaaa
11970,aaaaaa
19465,aaaaaa
19850,aaaaaa
6430,aaaaaa
3374,aaaaaa
23446,aaaaaa
12588,aaaaaa
29970,aaaaaa
21927,aaaaaa
13760,aaaaaa
10238,aaaaaa
20740,aaaaaa
28661,aaaaaa
2113,aaaaaa
24603,aaaaaa
26616,aaaaaa
27514,aaaaaa
3216,aaaaaa
13125,aaaaaa
3814,aaaaaa
8321,aaaaaa
3155,aaaaaa
14296,aaaaaa
2278,aaaaaa
4599,aaaaaa
13,aaaaaa
1646,aaaaaa
17909,aaaaaa
2365,aaaaaa
4648,aaaaaa
12197,aaaaaa
26916,aaaaaa
374,aaaaaa
27708,aaaaaa
22861,aaaaaa
525,aaaaaa
9131,aaaaaa
11561,aaaaaa
13910,aaaaaa
12765,aaaaaa
23279,aaaaaa
26723,aaaaaa
19975,aaaaaa
27490,aaaaaa
24288,aaaaaa
19342,aaaaaa
529,aaaaaa
15596,aaaaaa
20098,aaaaaa
21116,aaaaaa
9461,aaaaaa
12473,aaaaaa
17778,aaaaaa
12201,aaaaaa
12582,aaaaaa
26373,aaaaaa
11171,aaaaaa
26017,aaaaaa
26958,aaaaaa
29794,aaaaaa
12003,aaaaaa
22015,aaaaaa
25849,aaaaaa
6563,aaaaaa
4703,aaaaaa
15282,aaaaaa
18096,aaaaaa
15921,aaaaaa
29635,aaaaaa
955,aaaaaa
6675,aaaaaa
3453,aaaaaa
25963,aaaaaa
29081,aaaaaa
12803,aaaaaa
15140,aaaaaa
8595,aaaaaa
2071,aaaaaa
956,aaaaaa
26553,aaaaaa
16542,aaaaaa
14036,aaaaaa
7005,aaaaaa
25478,aaaaaa
352,aaaaaa
13518,aaaaaa
22462,aaaaaa
16309,aaaaaa
6236,aaaaaa
12732,aaaaaa
8946,aaaaaa
14025,aaaaaa
27547,aaaaaa
28409,aaaaaa
29963,aaaaaa
2920,aaaaaa
24887,aaaaaa
15711,aaaaaa
4644,aaaaaa
661,aaaaaa
16082,aaaaaa
7057,aaaaaa
10181,aaaaaa
20049,aaaaaa
24363,aaaaaa
16690,aaaaaa
26911,aaaaaa
4790,aaaaaa
2356,aaaaaa
11894,aaaaaa
18311,aaaaaa
29491,aaaaaa
19811,aaaaaa
25325,aaaaaa
20022,aaaaaa
26745,aaaaaa
17650,aaaaaa
13612,aaaaaa
1560,aaaaaa
29065,aaaaaa
11787,aaaaaa
10326,aaaaaa
7179,aaaaaa
15349,aaaaaa
15313,aaaaaa
13258,aaaaaa
4109,aaaaaa
24251,aaaaaa
21288,aaaaaa
23678,aaaaaa
514,aaaaaa
894,aaaaaa
8601,aaaaaa
16405,aaaaaa
29913,aaaaaa
899,aaaaaa
207,aaaaaa
28456,aaaaaa
458,aaaaaa
26630,aaaaaa
2430,aaaaaa
24826,aaaaaa
13629,aaaaaa
25683,aaaaaa
3389,aaaaaa
26289,aaaaaa
3911,aaaaaa
21767,aaaaaa
25291,aaaaaa
552,aaaaaa
26015,aaaaaa
26846,aaaaaa
19528,aaaaaa
6917,aaaaaa
18440,aaaaaa
1925,aaaaaa
17018,aaaaaa
6082,aaaaaa
24892,aaaaaa
28911,aaaaaa
18279,aaaaaa
25003,aaaaaa
27825,aaaaaa
105,aaaaaa
3041,aaaaaa
16369,aaaaaa
10361,aaaaaa
18093,aaaaaa
89,aaaaaa
23398,aaaaaa
15525,aaaaaa
10433,aaaaaa
19558,aaaaaa
17301,aaaaaa
24217,aaaaaa
14451,aaaaaa
23116,aaaaaa
18333,aaaaaa
12236,aaaaaa
14056,aaaaaa
27424,aaaaaa
6368,aaaaaa
16385,aaaaaa
24416,aaaaaa
22431,aaaaaa
9127,aaaaaa
8905,aaaaaa
2720,aaaaaa
16019,aaaaaa
13621,aaaaaa
8783,aaaaaa
15822,aaaaaa
29717,aaaaaa
19501,aaaaaa
27512,aaaaaa
29206,aaaaaa
10640,aaaaaa
9768,aaaaaa
13399,aaaaaa
3762,aaaaaa
213,aaaaaa
17162,aaaaaa
19880,aaaaaa
28197,aaaaaa
18427,aaaaaa
8920,aaaaaa
21804,aaaaaa
6154,aaaaaa
26143,aaaaaa
8357,aaaaaa
17773,aaaaaa
26589,aaaaaa
24849,aaaaaa
4167,aaaaaa
27344,aaaaaa
20172,aaaaaa
24970,aaaaaa
16967,aaaaaa
29871,aaaaaa
29975,aaaaaa
16500,aaaaaa
23028,aaaaaa
5109,aaaaaa
29928,aaaaaa
29655,aaaaaa
28416,aaaaaa
8712,aaaaaa
1763,aaaaaa
18259,aaaaaa
13547,aaaaaa
11536,aaaaaa
26829,aaaaaa
15069,aaaaaa
3224,aaaaaa
526,aaaaaa
24109,aaaaaa
15251,aaaaaa
19330,aaaaaa
20857,aaaaaa
12091,aaaaaa
5655,aaaaaa
8884,aaaaaa
6059,aaaaaa
17343,aaaaaa
6342,aaaaaa
20017,aaaaaa
13997,aaaaaa
17434,aaaaaa
8782,aaaaaa
8711,aaaaaa
3380,aaaaaa
3676,aaaaaa
5776,aaaaaa
28547,aaaaaa
6573,aaaaaa
21563,aaaaaa
1607,aaaaaa
19994,aaaaaa
29638,aaaaaa
23019,aaaaaa
29996,aaaaaa
26385,aaaaaa
15883,aaaaaa
17175,aaaaaa
8984,aaaaaa
19440,aaaaaa
26431,aaaaaa
15522,aaaaaa
1980,aaaaaa
11425,aaaaaa
19982,aaaaaa
17317,aaaaaa
12155,aaaaaa
12857,aaaaaa
7424,aaaaaa
5626,aaaaaa
1682,aaaaaa
16133,aaaaaa
20563,aaaaaa
16335,aaaaaa
6446,aaaaaa
20500,aaaaaa
988,aaaaaa
15083,aaaaaa
11645,aaaaaa
19280,aaaaaa
20162,aaaaaa
22042,aaaaaa
11722,aaaaaa
3093,aaaaaa
19539,aaaaaa
13261,aaaaaa
13998,aaaaaa
27777,aaaaaa
18207,aaaaaa
29446,aaaaaa
17482,aaaaaa
10396,aaaaaa
2844,aaaaaa
9078,aaaaaa
3342,aaaaaa
16422,aaaaaa
6540,aaaaaa
29233,aaaaaa
14288,aaaaaa
25091,aaaaaa
3356,aaaaaa
13025,aaaaaa
26029,aaaaaa
11745,aaaaaa
11801,aaaaaa
27082,aaaaaa
27570,aaaaaa
14414,aaaaaa
7813,aaaaaa
29591,aaaaaa
25482,aaaaaa
24604,aaaaaa
21510,aaaaaa
27083,aaaaaa
2428,aaaaaa
21427,aaaaaa
21730,aaaaaa
25338,aaaaaa
11939,aaaaaa
21195,aaaaaa
24860,aaaaaa
17070,aaaaaa
4799,aaaaaa
23821,aaaaaa
2353,aaaaaa
22737,aaaaaa
16378,aaaaaa
11383,aaaaaa
20953,aaaaaa
24597,aaaaaa
19136,aaaaaa
9077,aaaaaa
8073,aaaaaa
25493,aaaaaa
14859,aaaaaa
17424,aaaaaa
29282,aaaaaa
7491,aaaaaa
17649,aaaaaa
12771,aaaaaa
28901,aaaaaa
7059,aaaaaa
13507,aaaaaa
16661,aaaaaa
5084,aaaaaa
26660,aaaaaa
25821,aaaaaa
2382,aaaaaa
571,aaaaaa
1435,aaaaaa
13281,aaaaaa
9439,aaaaaa
21736,aaaaaa
11718,aaaaaa
14749,aaaaaa
10706,aaaaaa
5445,aaaaaa
1007,aaaaaa
4543,aaaaaa
12987,aaaaaa
7009,aaaaaa
2064,aaaaaa
1136,aaaaaa
9882,aaaaaa
28879,aaaaaa
21727,aaaaaa
10177,aaaaaa
294,aaaaaa
26123,aaaaaa
26588,aaaaaa
25164,aaaaaa
16077,aaaaaa
18787,aaaaaa
26705,aaaaaa
3998,aaaaaa
9766,aaaaaa
3741,aaaaaa
11700,aaaaaa
28834,aaaaaa
2719,aaaaaa
28805,aaaaaa
12713,aaaaaa
14870,aaaaaa
21534,aaaaaa
16370,aaaaaa
2808,aaaaaa
9017,aaaaaa
16940,aaaaaa
16106,aaaaaa
22534,aaaaaa
21179,aaaaaa
2469,aaaaaa
3738,aaaaaa
20670,aaaaaa
13481,aaaaaa
26292,aaaaaa
18988,aaaaaa
362,aaaaaa
6924,aaaaaa
18088,aaaaaa
14688,aaaaaa
2139,aaaaaa
19623,aaaaaa
18767,aaaaaa
7314,aaaaaa
20695,aaaaaa
25861,aaaaaa
1312,aaaaaa
26572,aaaaaa
20314,aaaaaa
6183,aaaaaa
11303,aaaaaa
1591,aaaaaa
29084,aaaaaa
18546,aaaaaa
2396,aaaaaa
16701,aaaaaa
14559,aaaaaa
9516,aaaaaa
27687,aaaaaa
5233,aaaaaa
28325,aaaaaa
21452,aaaaaa
20420,aaaaaa
8987,aaaaaa
3020,aaaaaa
9903,aaaaaa
8228,aaaaaa
9105,aaaaaa
13913,aaaaaa
5295,aaaaaa
3972,aaaaaa
21754,aaaaaa
14663,aaaaaa
4133,aaaaaa
974,aaaaaa
7291,aaaaaa
25559,aaaaaa
15585,aaaaaa
17338,aaaaaa
25994,aaaaaa
9752,aaaaaa
13774,aaaaaa
25931,aaaaaa
23265,aaaaaa
5016,aaaaaa
17602,aaaaaa
25563,aaaaaa
10874,aaaaaa
23874,aaaaaa
13239,aaaaaa
18024,aaaaaa
17674,aaaaaa
11873,aaaaaa
17764,aaaaaa
1933,aaaaaa
4675,aaaaaa
26952,aaaaaa
27736,aaaaaa
10222,aaaaaa
892,aaaaaa
7287,aaaaaa
21260,aaaaaa
7906,aaaaaa
24578,aaaaaa
14551,aaaaaa
23696,aaaaaa
26685,aaaaaa
25425,aaaaaa
27313,aaaaaa
18850,aaaaaa
7657,aaaaaa
10106,aaaaaa
26172,aaaaaa
18297,aaaaaa
11362,aaaaaa
13832,aaaaaa
19120,aaaaaa
726,aaaaaa
7214,aaaaaa
8245,aaaaaa
18180,aaaaaa
15876,aaaaaa
20229,aaaaaa
14199,aaaaaa
22786,aaaaaa
10745,aaaaaa
27376,aaaaaa
17320,aaaaaa
18649,aaaaaa
17208,aaaaaa
7274,aaaaaa
11593,aaaaaa
1389,aaaaaa
3564,aaaaaa
9076,aaaaaa
5429,aaaaaa
29817,aaaaaa
16220,aaaaaa
24211,aaaaaa
22074,aaaaaa
14899,aaaaaa
24262,aaaaaa
15512,aaaaaa
14561,aaaaaa
1868,aaaaaa
8202,aaaaaa
27991,aaaaaa
23870,aaaaaa
26039,aaaaaa
806,aaaaaa
4805,aaaaaa
28210,aaaaaa
12260,aaaaaa
26684,aaaaaa
28715,aaaaaa
29936,aaaaaa
10426,aaaaaa
9155,aaaaaa
23895,aaaaaa
24440,aaaaaa
15152,aaaaaa
4494,aaaaaa
2632,aaaaaa
14286,aaaaaa
28320,aaaaaa
25280,aaaaaa
25007,aaaaaa
7832,aaaaaa
20772,aaaaaa
14269,aaaaaa
145,aaaaaa
22851,aaaaaa
2033,aaaaaa
24951,aaaaaa
1165,aaaaaa
11692,aaaaaa
2050,aaaaaa
20144,aaaaaa
10816,aaaaaa
12676,aaaaaa
20819,aaaaaa
3430,aaaaaa
24574,aaaaaa
28110,aaaaaa
7069,aaaaaa
4361,aaaaaa
10616,aaaaaa
25838,aaaaaa
18155,aaaaaa
19895,aaaaaa
271,aaaaaa
12984,aaaaaa
8436,aaaaaa
18416,aaaaaa
12316,aaaaaa
29654,aaaaaa
9005,aaaaaa
29505,aaaaaa
3810,aaaaaa
13919,aaaaaa
15775,aaaaaa
28444,aaaaaa
9996,aaaaaa
4346,aaaaaa
27037,aaaaaa
545,aaaaaa
19625,aaaaaa
25314,aaaaaa
8502,aaaaaa
11713,aaaaaa
15229,aaaaaa
9323,aaaaaa
13737,aaaaaa
29880,aaaaaa
15520,aaaaaa
27345,aaaaaa
7564,aaaaaa
17304,aaaaaa
15317,aaaaaa
28665,aaaaaa
11779,aaaaaa
6640,aaaaaa
24078,aaaaaa
8230,aaaaaa
12651,aaaaaa
23510,aaaaaa
20662,aaaaaa
2983,aaaaaa
16514,aaaaaa
13409,aaaaaa
24364,aaaaaa
2667,aaaaaa
23522,aaaaaa
19607,aaaaaa
9374,aaaaaa
24077,aaaaaa
21776,aaaaaa
614,aaaaaa
19945,aaaaaa
17850,aaaaaa
4497,aaaaaa
19426,aaaaaa
25510,aaaaaa
18803,aaaaaa
21469,aaaaaa
3294,aaaaaa
6737,aaaaaa
1500,aaaaaa
9018,aaaaaa
17905,aaaaaa
28664,aaaaaa
15023,aaaaaa
11122,aaaaaa
4232,aaaaaa
24070,aaaaaa
8820,aaaaaa
4430,aaaaaa
12045,aaaaaa
16774,aaaaaa
29796,aaaaaa
23508,aaaaaa
22297,aaaaaa
12182,aaaaaa
8592,aaaaaa
4806,aaaaaa
28407,aaaaaa
27935,aaaaaa
24622,aaaaaa
13849,aaaaaa
24428,aaaaaa
25064,aaaaaa
20377,aaaaaa
11918,aaaaaa
21771,aaaaaa
22993,aaaaaa
15896,aaaaaa
5319,aaaaaa
29764,aaaaaa
7119,aaaaaa
2421,aaaaaa
21988,aaaaaa
1750,aaaaaa
11344,aaaaaa
19092,aaaaaa
12254,aaaaaa
29576,aaaaaa
338,aaaaaa
24791,aaaaaa
11855,aaaaaa
1341,aaaaaa
29761,aaaaaa
24366,aaaaaa
3640,aaaaaa
16713,aaaaaa
21520,aaaaaa
3004,aaaaaa
6960,aaaaaa
4090,aaaaaa
16314,aaaaaa
27691,aaaaaa
26212,aaaaaa
18706,aaaaaa
23051,aaaaaa
23393,aaaaaa
20581,aaaaaa
19933,aaaaaa
9650,aaaaaa
8363,aaaaaa
20587,aaaaaa
28970,aaaaaa
28145,aaaaaa
12418,aaaaaa
24354,aaaaaa
13350,aaaaaa
28473,aaaaaa
22569,aaaaaa
18023,aaaaaa
9130,aaaaaa
60,aaaaaa
1240,aaaaaa
22144,aaaaaa
5136,aaaaaa
2343,aaaaaa
15048,aaaaaa
2120,aaaaaa
1524,aaaaaa
7617,aaaaaa
153,aaaaaa
14536,aaaaaa
481,aaaaaa
6122,aaaaaa
12652,aaaaaa
24058,aaaaaa
23485,aaaaaa
12112,aaaaaa
15850,aaaaaa
1762,aaaaaa
15826,aaaaaa
15507,aaaaaa
8942,aaaaaa
7715,aaaaaa
26361,aaaaaa
21792,aaaaaa
23863,aaaaaa
22596,aaaaaa
4853,aaaaaa
2711,aaaaaa
23150,aaaaaa
20534,aaaaaa
17717,aaaaaa
29117,aaaaaa
11046,aaaaaa
24762,aaaaaa
25712,aaaaaa
6819,aaaaaa
24063,aaaaaa
26634,aaaaaa
21799,aaaaaa
20234,aaaaaa
24724,aaaaaa
20508,aaaaaa
13081,aaaaaa
21874,aaaaaa
11555,aaaaaa
21172,aaaaaa
19250,aaaaaa
17770,aaaaaa
5941,aaaaaa
3067,aaaaaa
28575,aaaaaa
3629,aaaaaa
29191,aaaaaa
24027,aaaaaa
3028,aaaaaa
2969,aaaaaa
11664,aaaaaa
26284,aaaaaa
27529,aaaaaa
8646,aaaaaa
15156,aaaaaa
22520,aaaaaa
28648,aaaaaa
25185,aaaaaa
4263,aaaaaa
17029,aaaaaa
15646,aaaaaa
7992,aaaaaa
18458,aaaaaa
16725,aaaaaa
8041,aaaaaa
15988,aaaaaa
1622,aaaaaa
12875,aaaaaa
23525,aaaaaa
22180,aaaaaa
7184,aaaaaa
28996,aaaaaa
24616,aaaaaa
5475,aaaaaa
26665,aaaaaa
26751,aaaaaa
23365,aaaaaa
16458,aaaaaa
8996,aaaaaa
27233,aaaaaa
11372,aaaaaa
26652,aaaaaa
8633,aaaaaa
23193,aaaaaa
18435,aaaaaa
18925,aaaaaa
17685,aaaaaa
22261,aaaaaa
23752,aaaaaa
28006,aaaaaa
1304,aaaaaa
8428,aaaaaa
4033,aaaaaa
2599,aaaaaa
12808,aaaaaa
2573,aaaaaa
27856,aaaaaa
3186,aaaaaa
19152,aaaaaa
4831,aaaaaa
20607,aaaaaa
16086,aaaaaa
24557,aaaaaa
2106,aaaaaa
19063,aaaaaa
15517,aaaaaa
27337,aaaaaa
12880,aaaaaa
17771,aaaaaa
29519,aaaaaa
29238,aaaaaa
28369,aaaaaa
22370,aaaaaa
7083,aaaaaa
13192,aaaaaa
1279,aaaaaa
13221,aaaaaa
804,aaaaaa
14596,aaaaaa
17939,aaaaaa
20875,aaaaaa
11382,aaaaaa
4566,aaaaaa
29513,aaaaaa
15358,aaaaaa
4841,aaaaaa
19978,aaaaaa
22419,aaaaaa
23236,aaaaaa
10112,aaaaaa
8705,aaaaaa
20561,aaaaaa
17692,aaaaaa
13859,aaaaaa
9106,aaaaaa
3452,aaaaaa
20079,aaaaaa
20626,aaaaaa
27732,aaaaaa
2198,aaaaaa
16032,aaaaaa
25350,aaaaaa
4425,aaaaaa
6150,aaaaaa
14289,aaaaaa
17327,aaaaaa
822,aaaaaa
15070,aaaaaa
21389,aaaaaa
22996,aaaaaa
8356,aaaaaa
22003,aaaaaa
20931,aaaaaa
12175,aaaaaa
18922,aaaaaa
15149,aaaaaa
29633,aaaaaa
9503,aaaaaa
21591,aaaaaa
29274,aaaaaa
28493,aaaaaa
13575,aaaaaa
3054,aaaaaa
20059,aaaaaa
24160,aaaaaa
7218,aaaaaa
6722,aaaaaa
3300,aaaaaa
19694,aaaaaa
23605,aaaaaa
8519,aaaaaa
16380,aaaaaa
10682,aaaaaa
14295,aaaaaa
22338,aaaaaa
10998,aaaaaa
12600,aaaaaa
17216,aaaaaa
11271,aaaaaa
29690,aaaaaa
19846,aaaaaa
26399,aaaaaa
7643,aaaaaa
16438,aaaaaa
14422,aaaaaa
19835,aaaaaa
22689,aaaaaa
10093,aaaaaa
1481,aaaaaa
4873,aaaaaa
13087,aaaaaa
16002,aaaaaa
8038,aaaaaa
12342,aaaaaa
19719,aaaaaa
22400,aaaaaa
21310,aaaaaa
25522,aaaaaa
5797,aaaaaa
11485,aaaaaa
26737,aaaaaa
5232,aaaaaa
21467,aaaaaa
6645,aaaaaa
27633,aaaaaa
15534,aaaaaa
5490,aaaaaa
768,aaaaaa
18449,aaaaaa
23570,aaaaaa
28071,aaaaaa
7311,aaaaaa
24861,aaaaaa
29908,aaaaaa
20908,aaaaaa
27952,aaaaaa
26908,aaaaaa
2717,aaaaaa
2079,aaaaaa
27965,aaaaaa
25298,aaaaaa
951,aaaaaa
24442,aaaaaa
2482,aaaaaa
26838,aaaaaa
9181,aaaaaa
27788,aaaaaa
1759,aaaaaa
9984,aaaaaa
20806,aaaaaa
23088,aaaaaa
9916,aaaaaa
21566,aaaaaa
24917,aaaaaa
20085,aaaaaa
4243,aaaaaa
17072,aaaaaa
19816,aaaaaa
13395,aaaaaa
4944,aaaaaa
17350,aaaaaa
27696,aaaaaa
5588,aaaaaa
16241,aaaaaa
10395,aaaaaa
19097,aaaaaa
4757,aaaaaa
4380,aaaaaa
22704,aaaaaa
13472,aaaaaa
22359,aaaaaa
19956,aaaaaa
12997,aaaaaa
5299,aaaaaa
1990,aaaaaa
12312,aaaaaa
12951,aaaaaa
17589,aaaaaa
13490,aaaaaa
4971,aaaaaa
29588,aaaaaa
13226,aaaaaa
6783,aaaaaa
3600,aaaaaa
22874,aaaaaa
24993,aaaaaa
29964,aaaaaa
27857,aaaaaa
8070,aaaaaa
8577,aaaaaa
7973,aaaaaa
10314,aaaaaa
1625,aaaaaa
16920,aaaaaa
25150,aaaaaa
7970,aaaaaa
13224,aaaaaa
4212,aaaaaa
6456,aaaaaa
19891,aaaaaa
24777,aaaaaa
9524,aaaaaa
23496,aaaaaa
11694,aaaaaa
2708,aaaaaa
21415,aaaaaa
6514,aaaaaa
4662,aaaaaa
20405,aaaaaa
1854,aaaaaa
3072,aaaaaa
19256,aaaaaa
19414,aaaaaa
25781,aaaaaa
14755,aaaaaa
1645,aaaaaa
3417,aaaaaa
3476,aaaaaa
29330,aaaaaa
11053,aaaaaa
1792,aaaaaa
13718,aaaaaa
15114,aaaaaa
3797,aaaaaa
3368,aaaaaa
11559,aaaaaa
28109,aaaaaa
7196,aaaaaa
29473,aaaaaa
21493,aaaaaa
22408,aaaaaa
11641,aaaaaa
8795,aaaaaa
27632,aaaaaa
28943,aaaaaa
126,aaaaaa
5959,aaaaaa
20260,aaaaaa
27511,aaaaaa
13635,aaaaaa
15343,aaaaaa
4451,aaaaaa
7147,aaaaaa
19915,aaaaaa
27306,aaaaaa
827,aaaaaa
26215,aaaaaa
24174,aaaaaa
29458,aaaaaa
17368,aaaaaa
11473,aaaaaa
27581,aaaaaa
7783,aaaaaa
10380,aaaaaa
29400,aaaaaa
2443,aaaaaa
24938,aaaaaa
10541,aaaaaa
16729,aaaaaa
814,aaaaaa
22550,aaaaaa
12999,aaaaaa
11397,aaaaaa
28602,aaaaaa
29670,aaaaaa
14153,aaaaaa
27901,aaaaaa
12298,aaaaaa
5779,aaaaaa
2116,aaaaaa
26410,aaaaaa
793,aaaaaa
10147,aaaaaa
6898,aaaaaa
2674,aaaaaa
16478,aaaaaa
15770,aaaaaa
20609,aaaaaa
3756,aaaaaa
2891,aaaaaa
18755,aaaaaa
14382,aaaaaa
27804,aaaaaa
20103,aaaaaa
3228,aaaaaa
7863,aaaaaa
6359,aaaaaa
28799,aaaaaa
23710,aaaaaa
22412,aaaaaa
27429,aaaaaa
13429,aaaaaa
11104,aaaaaa
18249,aaaaaa
13946,aaaaaa
4612,aaaaaa
26433,aaaaaa
19029,aaaaaa
2243,aaaaaa
5373,aaaaaa
2336,aaaaaa
17334,aaaaaa
11260,aaaaaa
1120,aaaaaa
10789,aaaaaa
18588,aaaaaa
419,aaaaaa
922,aaaaaa
9446,aaaaaa
25053,aaaaaa
26611,aaaaaa
5408,aaaaaa
5788,aaaaaa
22126,aaaaaa
15374,aaaaaa
24051,aaaaaa
21951,aaaaaa
24519,aaaaaa
17586,aaaaaa
27202,aaaaaa
22149,aaaaaa
8389,aaaaaa
1970,aaaaaa
11302,aaaaaa
4018,aaaaaa
26727,aaaaaa
3687,aaaaaa
18381,aaaaaa
20417,aaaaaa
12790,aaaaaa
11246,aaaaaa
1248,aaaaaa
2192,aaaaaa
19096,aaaaaa
9184,aaaaaa
18574,aaaaaa
4670,aaaaaa
21526,aaaaaa
5984,aaaaaa
6565,aaaaaa
7804,aaaaaa
11954,aaaaaa
6943,aaaaaa
28173,aaaaaa
9510,aaaaaa
26439,aaaaaa
10535,aaaaaa
27025,aaaaaa
18520,aaaaaa
17449,aaaaaa
14060,aaaaaa
16984,aaaaaa
20611,aaaaaa
27197,aaaaaa
7577,aaaaaa
77,aaaaaa
23930,aaaaaa
19282,aaaaaa
15524,aaaaaa
21204,aaaaaa
25890,aaaaaa
23325,aaaaaa
22797,aaaaaa
25828,aaaaaa
9064,aaaaaa
28426,aaaaaa
8007,aaaaaa
21852,aaaaaa
5951,aaaaaa
28219,aaaaaa
11157,aaaaaa
3391,aaaaaa
5415,aaaaaa
18944,aaaaaa
26146,aaaaaa
8162,aaaaaa
19019,aaaaaa
5256,aaaaaa
3530,aaaaaa
8567,aaaaaa
1908,aaaaaa
28896,aaaaaa
235,aaaaaa
12219,aaaaaa
17988,aaaaaa
7984,aaaaaa
9310,aaaaaa
28253,aaaaaa
3490,aaaaaa
26614,aaaaaa
14231,aaaaaa
27534,aaaaaa
18378,aaaaaa
19208,aaaaaa
28933,aaaaaa
10568,aaaaaa
1342,aaaaaa
8512,aaaaaa
1619,aaaaaa
28289,aaaaaa
5287,aaaaaa
18444,aaaaaa
7041,aaaaaa
2219,aaaaaa
9865,aaaaaa
22422,aaaaaa
16644,aaaaaa
29054,aaaaaa
26615,aaaaaa
12977,aaaaaa
25477,aaaaaa
20128,aaaaaa
14594,aaaaaa
18410,aaaaaa
6988,aaaaaa
20618,aaaaaa
1917,aaaaaa
1828,aaaaaa
9765,aaaaaa
12607,aaaaaa
12941,aaaaaa
6233,aaaaaa
29006,aaaaaa
6283,aaaaaa
4208,aaaaaa
12819,aaaaaa
16608,aaaaaa
25299,aaaaaa
26386,aaaaaa
9333,aaaaaa
6469,aaaaaa
29126,aaaaaa
13746,aaaaaa
15385,aaaaaa
13703,aaaaaa
10954,aaaaaa
846,aaaaaa
20673,aaaaaa
5560,aaaaaa
13234,aaaaaa
14309,aaaaaa
18935,aaaaaa
13917,aaaaaa
27504,aaaaaa
117,aaaaaa
8837,aaaaaa
22350,aaaaaa
24579,aaaaaa
28746,aaaaaa
14043,aaaaaa
8659,aaaaaa
23873,aaaaaa
16389,aaaaaa
5342,aaaaaa
9111,aaaaaa
10787,aaaaaa
4324,aaaaaa
17447,aaaaaa
2590,aaaaaa
24818,aaaaaa
13046,aaaaaa
25736,aaaaaa
27446,aaaaaa
20119,aaaaaa
13918,aaaaaa
10589,aaaaaa
19901,aaaaaa
23370,aaaaaa
11613,aaaaaa
27139,aaaaaa
6767,aaaaaa
5622,aaaaaa
1605,aaaaaa
18117,aaaaaa
26900,aaaaaa
27285,aaaaaa
29018,aaaaaa
25888,aaaaaa
28024,aaaaaa
3812,aaaaaa
14277,aaaaaa
17260,aaaaaa
10554,aaaaaa
10167,aaaaaa
28090,aaaaaa
1761,aaaaaa
15679,aaaaaa
21785,aaaaaa
19123,aaaaaa
29459,aaaaaa
2472,aaaaaa
15913,aaaaaa
6738,aaaaaa
23275,aaaaaa
15728,aaaaaa
12199,aaaaaa
7943,aaaaaa
12910,aaaaaa
14369,aaaaaa
26069,aaaaaa
20590,aaaaaa
6371,aaaaaa
26734,aaaaaa
25745,aaaaaa
26732,aaaaaa
16616,aaaaaa
8258,aaaaaa
7561,aaaaaa
9795,aaaaaa
6168,aaaaaa
11475,aaaaaa
3596,aaaaaa
6288,aaaaaa
4632,aaaaaa
15147,aaaaaa
16509,aaaaaa
24025,aaaaaa
6229,aaaaaa
17680,aaaaaa
18360,aaaaaa
29223,aaaaaa
29162,aaaaaa
10267,aaaaaa
12772,aaaaaa
5750,aaaaaa
8152,aaaaaa
13503,aaaaaa
3086,aaaaaa
1906,aaaaaa
6882,aaaaaa
29976,aaaaaa
7673,aaaaaa
19729,aaaaaa
8172,aaaaaa
29137,aaaaaa
5870,aaaaaa
22890,aaaaaa
19181,aaaaaa
17302,aaaaaa
18030,aaaaaa
5122,aaaaaa
5126,aaaaaa
13623,aaaaaa
15034,aaaaaa
4621,aaaaaa
6809,aaaaaa
16748,aaaaaa
15745,aaaaaa
11479,aaaaaa
2125,aaaaaa
8150,aaaaaa
28699,aaaaaa
8717,aaaaaa
13013,aaaaaa
55,aaaaaa
17022,aaaaaa
302,aaaaaa
27342,aaaaaa
22195,aaaaaa
17660,aaaaaa
14178,aaaaaa
26631,aaaaaa
13568,aaaaaa
4432,aaaaaa
20028,aaaaaa
20527,aaaaaa
19262,aaaaaa
12394,aaaaaa
22877,aaaaaa
10478,aaaaaa
10453,aaaaaa
5240,aaaaaa
22574,aaaaaa
10488,aaaaaa
23321,aaaaaa
23624,aaaaaa
16282,aaaaaa
14124,aaaaaa
26329,aaaaaa
10160,aaaaaa
18977,aaaaaa
27693,aaaaaa
18777,aaaaaa
16907,aaaaaa
6376,aaaaaa
6981,aaaaaa
13716,aaaaaa
23061,aaaaaa
3900,aaaaaa
29463,aaaaaa
12891,aaaaaa
21969,aaaaaa
21508,aaaaaa
24340,aaaaaa
23954,aaaaaa
11314,aaaaaa
23161,aaaaaa
28732,aaaaaa
10161,aaaaaa
17055,aaaaaa
4188,aaaaaa
666,aaaaaa
3266,aaaaaa
18271,aaaaaa
27842,aaaaaa
8472,aaaaaa
9911,aaaaaa
27523,aaaaaa
12647,aaaaaa
25475,aaaaaa
24071,aaaaaa
22415,aaaaaa
11637,aaaaaa
6090,aaaaaa
6238,aaaaaa
15183,aaaaaa
7350,aaaaaa
24214,aaaaaa
17144,aaaaaa
6254,aaaaaa
18290,aaaaaa
12234,aaaaaa
12015,aaaaaa
28714,aaaaaa
3818,aaaaaa
6269,aaaaaa
4300,aaaaaa
5569,aaaaaa
14388,aaaaaa
7941,aaaaaa
27169,aaaaaa
4164,aaaaaa
27607,aaaaaa
22355,aaaaaa
19963,aaaaaa
19216,aaaaaa
21833,aaaaaa
19856,aaaaaa
22711,aaaaaa
16521,aaaaaa
7043,aaaaaa
4892,aaaaaa
18564,aaaaaa
10320,aaaaaa
24114,aaaaaa
19561,aaaaaa
4854,aaaaaa
4637,aaaaaa
21499,aaaaaa
9550,aaaaaa
24032,aaaaaa
20645,aaaaaa
28920,aaaaaa
17715,aaaaaa
10209,aaaaaa
27058,aaaaaa
23386,aaaaaa
25934,aaaaaa
6941,aaaaaa
8017,aaaaaa
22625,aaaaaa
9521,aaaaaa
6949,aaaaaa
6881,aaaaaa
13051,aaaaaa
15781,aaaaaa
26726,aaaaaa
20914,aaaaaa
26698,aaaaaa
4673,aaaaaa
12173,aaaaaa
6996,aaaaaa
1252,aaaaaa
11470,aaaaaa
15254,aaaaaa
19758,aaaaaa
19198,aaaaaa
21103,aaaaaa
22928,aaaaaa
10040,aaaaaa
4858,aaaaaa
24285,aaaaaa
27613,aaaaaa
8580,aaaaaa
8427,aaaaaa
17461,aaaaaa
10176,aaaaaa
4363,aaaaaa
28538,aaaaaa
17154,aaaaaa
10357,aaaaaa
25249,aaaaaa
16633,aaaaaa
14489,aaaaaa
26150,aaaaaa
7239,aaaaaa
14430,aaaaaa
3419,aaaaaa
26657,aaaaaa
10015,aaaaaa
29407,aaaaaa
4976,aaaaaa
4544,aaaaaa
21949,aaaaaa
24323,aaaaaa
17100,aaaaaa
21164,aaaaaa
12338,aaaaaa
2048,aaaaaa
5997,aaaaaa
22984,aaaaaa
23629,aaaaaa
15444,aaaaaa
13456,aaaaaa
20562,aaaaaa
4809,aaaaaa
10916,aaaaaa
3636,aaaaaa
23524,aaaaaa
23574,aaaaaa
17844,aaaaaa
15106,aaaaaa
5989,aaaaaa
9860,aaaaaa
27332,aaaaaa
18384,aaaaaa
12763,aaaaaa
15158,aaaaaa
8175,aaaaaa
404,aaaaaa
384,aaaaaa
8702,aaaaaa
7266,aaaaaa
10344,aaaaaa
18017,aaaaaa
20384,aaaaaa
13772,aaaaaa
21168,aaaaaa
6938,aaaaaa
6970,aaaaaa
20309,aaaaaa
4158,aaaaaa
23833,aaaaaa
29250,aaaaaa
13550,aaaaaa
8415,aaaaaa
2193,aaaaaa
27712,aaaaaa
29045,aaaaaa
26400,aaaaaa
1015,aaaaaa
5124,aaaaaa
23802,aaaaaa
23793,aaaaaa
25373,aaaaaa
19255,aaaaaa
9,aaaaaa
10136,aaaaaa
18222,aaaaaa
4804,aaaaaa
16639,aaaaaa
23410,aaaaaa
5713,aaaaaa
12677,aaaaaa
19708,aaaaaa
24098,aaaaaa
1581,aaaaaa
27532,aaaaaa
17308,aaaaaa
2779,aaaaaa
27084,aaaaaa
24275,aaaaaa
22516,aaaaaa
13216,aaaaaa
5320,aaaaaa
7312,aaaaaa
23486,aaaaaa
14837,aaaaaa
6042,aaaaaa
20159,aaaaaa
4835,aaaaaa
28712,aaaaaa
4964,aaaaaa
27355,aaaaaa
539,aaaaaa
7483,aaaaaa
19129,aaaaaa
3719,aaaaaa
29311,aaaaaa
23203,aaaaaa
13659,aaaaaa
9337,aaaaaa
20852,aaaaaa
667,aaaaaa
23959,aaaaaa
27595,aaaaaa
24933,aaaaaa
21447,aaaaaa
11023,aaaaaa
10975,aaaaaa
1353,aaaaaa
13323,aaaaaa
7114,aaaaaa
24504,aaaaaa
8662,aaaaaa
19087,aaaaaa
3330,aaaaaa
8053,aaaaaa
11829,aaaaaa
9588,aaaaaa
19968,aaaaaa
29169,aaaaaa
5645,aaaaaa
19760,aaaaaa
17640,aaaaaa
6190,aaaaaa
15761,aaaaaa
11704,aaaaaa
13843,aaaaaa
25826,aaaaaa
21732,aaaaaa
11003,aaaaaa
28874,aaaaaa
27860,aaaaaa
27509,aaaaaa
20559,aaaaaa
4910,aaaaaa
1852,aaaaaa
22700,aaaaaa
12972,aaaaaa
29785,aaaaaa
2105,aaaaaa
16517,aaaaaa
13428,aaaaaa
5029,aaaaaa
17312,aaaaaa
823,aaaaaa
23960,aaaaaa
28016,aaaaaa
1531,aaaaaa
1214,aaaaaa
504,aaaaaa
28861,aaaaaa
14683,aaaaaa
10188,aaaaaa
6530,aaaaaa
19456,aaaaaa
10150,aaaaaa
9576,aaaaaa
25470,aaaaaa
13116,aaaaaa
25031,aaaaaa
23003,aaaaaa
25657,aaaaaa
3709,aaaaaa
29384,aaaaaa
21233,aaaaaa
4748,aaaaaa
20652,aaaaaa
11714,aaaaaa
15485,aaaaaa
28710,aaaaaa
28178,aaaaaa
29822,aaaaaa
25289,aaaaaa
20570,aaaaaa
26790,aaaaaa
5301,aaaaaa
19307,aaaaaa
6588,aaaaaa
1810,aaaaaa
19870,aaaaaa
23803,aaaaaa
3141,aaaaaa
26403,aaaaaa
25731,aaaaaa
1324,aaaaaa
4312,aaaaaa
7494,aaaaaa
25086,aaaaaa
26256,aaaaaa
8691,aaaaaa
29254,aaaaaa
26432,aaaaaa
9580,aaaaaa
13807,aaaaaa
28295,aaaaaa
26962,aaaaaa
21925,aaaaaa
27812,aaaaaa
22556,aaaaaa
17924,aaaaaa
25793,aaaaaa
19065,aaaaaa
29826,aaaaaa
27569,aaaaaa
6313,aaaaaa
17575,aaaaaa
13964,aaaaaa
21677,aaaaaa
1542,aaaaaa
11493,aaaaaa
11516,aaaaaa
7056,aaaaaa
2539,aaaaaa
17337,aaaaaa
23625,aaaaaa
15368,aaaaaa
6731,aaaaaa
4846,aaaaaa
6801,aaaaaa
24394,aaaaaa
4330,aaaaaa
8924,aaaaaa
5334,aaaaaa
23714,aaaaaa
9348,aaaaaa
4729,aaaaaa
27870,aaaaaa
22925,aaaaaa
11174,aaaaaa
21689,aaaaaa
21545,aaaaaa
24244,aaaaaa
18540,aaaaaa
1062,aaaaaa
27192,aaaaaa
1167,aaaaaa
27798,aaaaaa
20020,aaaaaa
7651,aaaaaa
21972,aaaaaa
11130,aaaaaa
23576,aaaaaa
4491,aaaaaa
23650,aaaaaa
27716,aaaaaa
21364,aaaaaa
8335,aaaaaa
5486,aaaaaa
28153,aaaaaa
21330,aaaaaa
19166,aaaaaa
17101,aaaaaa
26395,aaaaaa
2502,aaaaaa
4360,aaaaaa
4171,aaaaaa
24466,aaaaaa
29642,aaaaaa
16779,aaaaaa
13923,aaaaaa
14512,aaaaaa
7186,aaaaaa
698,aaaaaa
20876,aaaaaa
17749,aaaaaa
29291,aaaaaa
14191,aaaaaa
8787,aaaaaa
14397,aaaaaa
12144,aaaaaa
13584,aaaaaa
22301,aaaaaa
21352,aaaaaa
2914,aaaaaa
14552,aaaaaa
10518,aaaaaa
5644,aaaaaa
20150,aaaaaa
3440,aaaaaa
12043,aaaaaa
28708,aaaaaa
7357,aaaaaa
23190,aaaaaa
26263,aaaaaa
2143,aaaaaa
5104,aaaaaa
5073,aaaaaa
17955,aaaaaa
20463,aaaaaa
17506,aaaaaa
16048,aaaaaa
19170,aaaaaa
14527,aaaaaa
2967,aaaaaa
18888,aaaaaa
5988,aaaaaa
11657,aaaaaa
25251,aaaaaa
27384,aaaaaa
23548,aaaaaa
27924,aaaaaa
728,aaaaaa
7587,aaaaaa
7543,aaaaaa
412,aaaaaa
11338,aaaaaa
26092,aaaaaa
5745,aaaaaa
24052,aaaaaa
17209,aaaaaa
3267,aaaaaa
20358,aaaaaa
8808,aaaaaa
24690,aaaaaa
417,aaaaaa
11261,aaaaaa
9817,aaaaaa
15305,aaaaaa
16281,aaaaaa
23132,aaaaaa
25351,aaaaaa
28761,aaaaaa
27472,aaaaaa
27350,aaaaaa
2082,aaaaaa
25329,aaaaaa
27122,aaaaaa
12161,aaaaaa
3373,aaaaaa
5726,aaaaaa
20491,aaaaaa
10636,aaaaaa
20764,aaaaaa
24107,aaaaaa
17450,aaaaaa
3913,aaaaaa
13479,aaaaaa
5536,aaaaaa
8002,aaaaaa
5387,aaaaaa
22116,aaaaaa
28074,aaaaaa
2738,aaaaaa
5052,aaaaaa
4000,aaaaaa
26144,aaaaaa
2427,aaaaaa
11938,aaaaaa
6833,aaaaaa
26507,aaaaaa
18071,aaaaaa
851,aaaaaa
28122,aaaaaa
22687,aaaaaa
25471,aaaaaa
16347,aaaaaa
29168,aaaaaa
5878,aaaaaa
24911,aaaaaa
19223,aaaaaa
27663,aaaaaa
4611,aaaaaa
16364,aaaaaa
9540,aaaaaa
9207,aaaaaa
27392,aaaaaa
9823,aaaaaa
2489,aaaaaa
11922,aaaaaa
23289,aaaaaa
7390,aaaaaa
27827,aaaaaa
2849,aaaaaa
14069,aaaaaa
23049,aaaaaa
5881,aaaaaa
26646,aaaaaa
4452,aaaaaa
26333,aaaaaa
23805,aaaaaa
26211,aaaaaa
29222,aaaaaa
22868,aaaaaa
2479,aaaaaa
23001,aaaaaa
10457,aaaaaa
11151,aaaaaa
29568,aaaaaa
27635,aaaaaa
13245,aaaaaa
18525,aaaaaa
13296,aaaaaa
11310,aaaaaa
21572,aaaaaa
9435,aaaaaa
28621,aaaaaa
27932,aaaaaa
19128,aaaaaa
7253,aaaaaa
13284,aaaaaa
3506,aaaaaa
1679,aaaaaa
20633,aaaaaa
19531,aaaaaa
8130,aaaaaa
26870,aaaaaa
23388,aaaaaa
15125,aaaaaa
16964,aaaaaa
9662,aaaaaa
29375,aaaaaa
20454,aaaaaa
13500,aaaaaa
3343,aaaaaa
13184,aaaaaa
16244,aaaaaa
23788,aaaaaa
12775,aaaaaa
20056,aaaaaa
16943,aaaaaa
5237,aaaaaa
7805,aaaaaa
13407,aaaaaa
27425,aaaaaa
16896,aaaaaa
29305,aaaaaa
1081,aaaaaa
18048,aaaaaa
9204,aaaaaa
1931,aaaaaa
23944,aaaaaa
1150,aaaaaa
19222,aaaaaa
5949,aaaaaa
8308,aaaaaa
25316,aaaaaa
29683,aaaaaa
14262,aaaaaa
5177,aaaaaa
28251,aaaaaa
14098,aaaaaa
17214,aaaaaa
8311,aaaaaa
21136,aaaaaa
26258,aaaaaa
29582,aaaaaa
29911,aaaaaa
17019,aaaaaa
4465,aaaaaa
28940,aaaaaa
6799,aaaaaa
7987,aaaaaa
7079,aaaaaa
6966,aaaaaa
15202,aaaaaa
4142,aaaaaa
23411,aaaaaa
25567,aaaaaa
876,aaaaaa
21253,aaaaaa
21699,aaaaaa
21606,aaaaaa
16388,aaaaaa
15979,aaaaaa
3051,aaaaaa
22075,aaaaaa
19508,aaaaaa
14599,aaaaaa
15328,aaaaaa
27236,aaaaaa
2491,aaaaaa
15338,aaaaaa
20238,aaaaaa
4777,aaaaaa
9907,aaaaaa
23893,aaaaaa
22841,aaaaaa
22677,aaaaaa
17532,aaaaaa
27837,aaaaaa
16958,aaaaaa
20153,aaaaaa
28312,aaaaaa
20530,aaaaaa
853,aaaaaa
26558,aaaaaa
10966,aaaaaa
22303,aaaaaa
13121,aaaaaa
13403,aaaaaa
25742,aaaaaa
22998,aaaaaa
22386,aaaaaa
25547,aaaaaa
10893,aaaaaa
4495,aaaaaa
8173,aaaaaa
6655,aaaaaa
12039,aaaaaa
2368,aaaaaa
28691,aaaaaa
4780,aaaaaa
12323,aaaaaa
24376,aaaaaa
19334,aaaaaa
22009,aaaaaa
23355,aaaaaa
8716,aaaaaa
10647,aaaaaa
18225,aaaaaa
5986,aaaaaa
16921,aaaaaa
19190,aaaaaa
5801,aaaaaa
21980,aaaaaa
7206,aaaaaa
7343,aaaaaa
12533,aaaaaa
7560,aaaaaa
8096,aaaaaa
27751,aaaaaa
784,aaaaaa
12249,aaaaaa
1409,aaaaaa
10729,aaaaaa
16538,aaaaaa
24190,aaaaaa
3009,aaaaaa
18070,aaaaaa
11093,aaaaaa
4014,aaaaaa
7455,aaaaaa
12913,aaaaaa
3863,aaaaaa
19117,aaaaaa
1895,aaaaaa
5442,aaaaaa
569,aaaaaa
23093,aaaaaa
22238,aaaaaa
1816,aaaaaa
26641,aaaaaa
24703,aaaaaa
19778,aaaaaa
19711,aaaaaa
29971,aaaaaa
6102,aaaaaa
2975,aaaaaa
17364,aaaaaa
10492,aaaaaa
190,aaaaaa
25715,aaaaaa
21472,aaaaaa
699,aaaaaa
29641,aaaaaa
16990,aaaaaa
12468,aaaaaa
301,aaaaaa
3420,aaaaaa
18711,aaaaaa
1060,aaaaaa
14434,aaaaaa
10757,aaaaaa
3444,aaaaaa
17453,aaaaaa
10716,aaaaaa
18589,aaaaaa
25819,aaaaaa
23723,aaaaaa
8208,aaaaaa
7679,aaaaaa
11312,aaaaaa
4642,aaaaaa
24067,aaaaaa
12946,aaaaaa
9007,aaaaaa
7996,aaaaaa
27643,aaaaaa
29124,aaaaaa
5600,aaaaaa
9151,aaaaaa
7022,aaaaaa
21277,aaaaaa
15636,aaaaaa
16609,aaaaaa
19738,aaaaaa
5895,aaaaaa
10677,aaaaaa
8754,aaaaaa
3436,aaaaaa
14565,aaaaaa
14373,aaaaaa
18077,aaaaaa
6893,aaaaaa
17429,aaaaaa
19830,aaaaaa
12757,aaaaaa
8050,aaaaaa
9146,aaaaaa
4555,aaaaaa
27311,aaaaaa
11296,aaaaaa
4735,aaaaaa
20880,aaaaaa
1218,aaaaaa
13446,aaaaaa
22399,aaaaaa
26103,aaaaaa
3987,aaaaaa
21295,aaaaaa
25876,aaaaaa
20877,aaaaaa
23328,aaaaaa
5699,aaaaaa
24736,aaaaaa
28643,aaaaaa
13992,aaaaaa
17340,aaaaaa
28367,aaaaaa
27810,aaaaaa
2869,aaaaaa
11969,aaaaaa
20817,aaaaaa
21357,aaaaaa
14207,aaaaaa
2961,aaaaaa
14172,aaaaaa
2200,aaaaaa
16482,aaaaaa
5592,aaaaaa
2557,aaaaaa
27759,aaaaaa
15586,aaaaaa
24829,aaaaaa
28499,aaaaaa
20583,aaaaaa
9637,aaaaaa
5539,aaaaaa
18032,aaaaaa
12874,aaaaaa
29299,aaaaaa
12183,aaaaaa
26272,aaaaaa
27767,aaaaaa
22581,aaaaaa
6295,aaaaaa
4499,aaaaaa
1154,aaaaaa
18639,aaaaaa
15151,aaaaaa
9874,aaaaaa
19554,aaaaaa
7400,aaaaaa
10248,aaaaaa
7158,aaaaaa
28666,aaaaaa
19492,aaaaaa
20932,aaaaaa
28299,aaaaaa
14589,aaaaaa
5423,aaaaaa
2049,aaaaaa
13168,aaaaaa
11835,aaaaaa
16371,aaaaaa
9208,aaaaaa
25199,aaaaaa
29697,aaaaaa
14075,aaaaaa
16646,aaaaaa
27945,aaaaaa
20445,aaaaaa
21918,aaaaaa
14486,aaaaaa
14257,aaaaaa
6616,aaaaaa
8120,aaaaaa
8155,aaaaaa
1802,aaaaaa
4736,aaaaaa
11111,aaaaaa
2385,aaaaaa
23078,aaaaaa
5759,aaaaaa
18343,aaaaaa
19360,aaaaaa
8680,aaaaaa
18227,aaaaaa
1734,aaaaaa
2911,aaaaaa
11411,aaaaaa
8338,aaaaaa
1986,aaaaaa
25945,aaaaaa
6546,aaaaaa
14243,aaaaaa
23482,aaaaaa
2811,aaaaaa
17043,aaaaaa
26370,aaaaaa
15708,aaaaaa
18895,aaaaaa
11589,aaaaaa
20666,aaaaaa
9339,aaaaaa
27848,aaaaaa
25184,aaaaaa
22671,aaaaaa
15087,aaaaaa
11774,aaaaaa
1930,aaaaaa
23509,aaaaaa
197,aaaaaa
7777,aaaaaa
19315,aaaaaa
8004,aaaaaa
2327,aaaaaa
4389,aaaaaa
25342,aaaaaa
12688,aaaaaa
20602,aaaaaa
11447,aaaaaa
202,aaaaaa
19894,aaaaaa
4931,aaaaaa
21919,aaaaaa
26309,aaaaaa
5791,aaaaaa
27353,aaaaaa
18091,aaaaaa
21556,aaaaaa
21633,aaaaaa
13949,aaaaaa
28050,aaaaaa
22912,aaaaaa
7392,aaaaaa
5855,aaaaaa
24548,aaaaaa
854,aaaaaa
13877,aaaaaa
14555,aaaaaa
4737,aaaaaa
28673,aaaaaa
26736,aaaaaa
17082,aaaaaa
27728,aaaaaa
27575,aaaaaa
20080,aaaaaa
1636,aaaaaa
23664,aaaaaa
23938,aaaaaa
11649,aaaaaa
19965,aaaaaa
17675,aaaaaa
29235,aaaaaa
6585,aaaaaa
13808,aaaaaa
18237,aaaaaa
21616,aaaaaa
20147,aaaaaa
3304,aaaaaa
17879,aaaaaa
28319,aaaaaa
28021,aaaaaa
7994,aaaaaa
1998,aaaaaa
663,aaaaaa
29355,aaaaaa
13545,aaaaaa
3748,aaaaaa
20797,aaaaaa
29320,aaaaaa
5530,aaaaaa
21959,aaaaaa
25285,aaaaaa
7526,aaaaaa
9474,aaaaaa
22248,aaaaaa
29644,aaaaaa
27251,aaaaaa
6776,aaaaaa
28605,aaaaaa
1306,aaaaaa
23776,aaaaaa
26813,aaaaaa
11494,aaaaaa
21976,aaaaaa
15707,aaaaaa
10230,aaaaaa
26105,aaaaaa
18047,aaaaaa
21834,aaaaaa
10173,aaaaaa
16157,aaaaaa
29931,aaaaaa
3627,aaaaaa
13931,aaaaaa
29723,aaaaaa
29467,aaaaaa
2693,aaaaaa
11252,aaaaaa
16312,aaaaaa
9789,aaaaaa
10921,aaaaaa
10817,aaaaaa
22299,aaaaaa
19541,aaaaaa
27890,aaaaaa
9914,aaaaaa
16198,aaaaaa
23052,aaaaaa
1059,aaaaaa
21020,aaaaaa
19626,aaaaaa
1678,aaaaaa
23276,aaaaaa
6374,aaaaaa
7574,aaaaaa
14820,aaaaaa
18141,aaaaaa
22403,aaaaaa
12383,aaaaaa
21500,aaaaaa
8755,aaaaaa
23792,aaaaaa
19174,aaaaaa
17247,aaaaaa
15934,aaaaaa
24242,aaaaaa
17868,aaaaaa
23419,aaaaaa
24105,aaaaaa
22361,aaaaaa
21518,aaaaaa
206,aaaaaa
20872,aaaaaa
23322,aaaaaa
25446,aaaaaa
12685,aaaaaa
6910,aaaaaa
502,aaaaaa
23769,aaaaaa
17412,aaaaaa
20224,aaaaaa
27266,aaaaaa
13773,aaaaaa
8110,aaaaaa
14948,aaaaaa
5056,aaaaaa
9762,aaaaaa
24538,aaaaaa
10965,aaaaaa
19115,aaaaaa
25380,aaaaaa
14039,aaaaaa
11837,aaaaaa
2454,aaaaaa
29174,aaaaaa
23599,aaaaaa
19488,aaaaaa
15265,aaaaaa
13067,aaaaaa
8392,aaaaaa
22662,aaaaaa
19483,aaaaaa
6184,aaaaaa
26854,aaaaaa
3561,aaaaaa
5892,aaaaaa
12666,aaaaaa
29090,aaaaaa
13986,aaaaaa
391,aaaaaa
6736,aaaaaa
22002,aaaaaa
5258,aaaaaa
15422,aaaaaa
26071,aaaaaa
2695,aaaaaa
2027,aaaaaa
29824,aaaaaa
21847,aaaaaa
2568,aaaaaa
8006,aaaaaa
16216,aaaaaa
16448,aaaaaa
28460,aaaaaa
18446,aaaaaa
5276,aaaaaa
7208,aaaaaa
25068,aaaaaa
8571,aaaaaa
6331,aaaaaa
21243,aaaaaa
12185,aaaaaa
21271,aaaaaa
9268,aaaaaa
17262,aaaaaa
8529,aaaaaa
24300,aaaaaa
23247,aaaaaa
24276,aaaaaa
22823,aaaaaa
24253,aaaaaa
1016,aaaaaa
25851,aaaaaa
28374,aaaaaa
7629,aaaaaa
29127,aaaaaa
11534,aaaaaa
29487,aaaaaa
995,aaaaaa
26557,aaaaaa
4297,aaaaaa
161,aaaaaa
5675,aaaaaa
6873,aaaaaa
12990,aaaaaa
9692,aaaaaa
7989,aaaaaa
20227,aaaaaa
13417,aaaaaa
10805,aaaaaa
11653,aaaaaa
1021,aaaaaa
19457,aaaaaa
23939,aaaaaa
3943,aaaaaa
1585,aaaaaa
26531,aaaaaa
3152,aaaaaa
14541,aaaaaa
8226,aaaaaa
12206,aaaaaa
17159,aaaaaa
27132,aaaaaa
15787,aaaaaa
26054,aaaaaa
23483,aaaaaa
21870,aaaaaa
22619,aaaaaa
25939,aaaaaa
23425,aaaaaa
2612,aaaaaa
23897,aaaaaa
11016,aaaaaa
10233,aaaaaa
8433,aaaaaa
10253,aaaaaa
10555,aaaaaa
8792,aaaaaa
10627,aaaaaa
21777,aaaaaa
14502,aaaaaa
27464,aaaaaa
8838,aaaaaa
3890,aaaaaa
3556,aaaaaa
11394,aaaaaa
17912,aaaaaa
1267,aaaaaa
24118,aaaaaa
1899,aaaaaa
21042,aaaaaa
3005,aaaaaa
19118,aaaaaa
189,aaaaaa
26382,aaaaaa
25551,aaaaaa
2747,aaaaaa
18431,aaaaaa
24233,aaaaaa
18942,aaaaaa
25658,aaaaaa
8666,aaaaaa
27480,aaaaaa
29419,aaaaaa
6396,aaaaaa
28693,aaaaaa
19769,aaaaaa
20939,aaaaaa
17568,aaaaaa
6420,aaaaaa
5051,aaaaaa
5311,aaaaaa
2433,aaaaaa
23333,aaaaaa
26967,aaaaaa
769,aaaaaa
1685,aaaaaa
8322,aaaaaa
16023,aaaaaa
27495,aaaaaa
11363,aaaaaa
28020,aaaaaa
14423,aaaaaa
21962,aaaaaa
4426,aaaaaa
29910,aaaaaa
16850,aaaaaa
6265,aaaaaa
22118,aaaaaa
11284,aaaaaa
11964,aaaaaa
21575,aaaaaa
29802,aaaaaa
5390,aaaaaa
860,aaaaaa
15795,aaaaaa
23654,aaaaaa
